Unnamed: 0,date,site,zone,transect,classcode,count,latitude,longitude,MPA_Name,mpa_type,site_status,time,sst,CUTI,time_only,lat_round,time_from_CUTI,CUTI_from_CUTI
0,2024-06-24,ANACAPA_EAST_ISLE_E,INNER,1,EISARBAD,10,34.01666667,-119.3616667,Anacapa Island SMR,SMR,mpa,2024-06-24,18.389999999999983,0.197,2024-06-24,34.0,2024-06-24,0.197
1,2024-06-24,ANACAPA_EAST_ISLE_E,INNER,1,EISARBAD,10,34.017033,-119.361133,Anacapa Island SMR,SMR,mpa,2024-06-24,18.389999999999983,0.197,2024-06-24,34.0,2024-06-24,0.197
2,2024-06-24,ANACAPA_EAST_ISLE_E,INNER,1,EISARBADSUB,68,34.01666667,-119.3616667,Anacapa Island SMR,SMR,mpa,2024-06-24,18.389999999999983,0.197,2024-06-24,34.0,2024-06-24,0.197
3,2024-06-24,ANACAPA_EAST_ISLE_E,INNER,1,EISARBADSUB,68,34.017033,-119.361133,Anacapa Island SMR,SMR,mpa,2024-06-24,18.389999999999983,0.197,2024-06-24,34.0,2024-06-24,0.197
4,2024-06-24,ANACAPA_EAST_ISLE_E,INNER,1,LAMFAR,250,34.01666667,-119.3616667,Anacapa Island SMR,SMR,mpa,2024-06-24,18.389999999999983,0.197,2024-06-24,34.0,2024-06-24,0.197
5,2024-06-24,ANACAPA_EAST_ISLE_E,INNER,1,LAMFAR,250,34.017033,-119.361133,Anacapa Island SMR,SMR,mpa,2024-06-24,18.389999999999983,0.197,2024-06-24,34.0,2024-06-24,0.197
6,2024-06-24,ANACAPA_EAST_ISLE_E,INNER,1,MACPYRAD,28,34.01666667,-119.3616667,Anacapa Island SMR,SMR,mpa,2024-06-24,18.389999999999983,0.197,2024-06-24,34.0,2024-06-24,0.197
7,2024-06-24,ANACAPA_EAST_ISLE_E,INNER,1,MACPYRAD,28,34.017033,-119.361133,Anacapa Island SMR,SMR,mpa,2024-06-24,18.389999999999983,0.197,2024-06-24,34.0,2024-06-24,0.197
8,2024-06-24,ANACAPA_MIDDLE_ISLE_W,INNER,1,EISARBAD,1,34.007833,-119.394467,Anacapa Island SMR,SMR,mpa,2024-06-24,18.36099999999999,0.197,2024-06-24,34.0,2024-06-24,0.197
9,2024-06-24,ANACAPA_MIDDLE_ISLE_W,INNER,1,EISARBADSUB,26,34.007833,-119.394467,Anacapa Island SMR,SMR,mpa,2024-06-24,18.36099999999999,0.197,2024-06-24,34.0,2024-06-24,0.197
10,2024-06-24,ANACAPA_MIDDLE_ISLE_W,INNER,1,LAMFAR,43,34.007833,-119.394467,Anacapa Island SMR,SMR,mpa,2024-06-24,18.36099999999999,0.197,2024-06-24,34.0,2024-06-24,0.197
11,2024-06-24,ANACAPA_MIDDLE_ISLE_W,INNER,1,MACPYRAD,95,34.007833,-119.394467,Anacapa Island SMR,SMR,mpa,2024-06-24,18.36099999999999,0.197,2024-06-24,34.0,2024-06-24,0.197
12,2024-06-24,ANACAPA_MIDDLE_ISLE_W,INNER,2,EISARBADSUB,5,34.007833,-119.394467,Anacapa Island SMR,SMR,mpa,2024-06-24,18.36099999999999,0.197,2024-06-24,34.0,2024-06-24,0.197
13,2024-06-24,ANACAPA_MIDDLE_ISLE_W,INNER,2,LAMFAR,26,34.007833,-119.394467,Anacapa Island SMR,SMR,mpa,2024-06-24,18.36099999999999,0.197,2024-06-24,34.0,2024-06-24,0.197
14,2024-06-24,ANACAPA_MIDDLE_ISLE_W,INNER,2,MACPYRAD,54,34.007833,-119.394467,Anacapa Island SMR,SMR,mpa,2024-06-24,18.36099999999999,0.197,2024-06-24,34.0,2024-06-24,0.197
15,2024-06-25,ANACAPA_EAST_ISLE_E,INNER,2,EISARBAD,38,34.01666667,-119.3616667,Anacapa Island SMR,SMR,mpa,2024-06-25,18.19799999999998,0.274,2024-06-25,34.0,2024-06-25,0.274
16,2024-06-25,ANACAPA_EAST_ISLE_E,INNER,2,EISARBAD,38,34.017033,-119.361133,Anacapa Island SMR,SMR,mpa,2024-06-25,18.19799999999998,0.274,2024-06-25,34.0,2024-06-25,0.274
17,2024-06-25,ANACAPA_EAST_ISLE_E,INNER,2,EISARBADSUB,154,34.01666667,-119.3616667,Anacapa Island SMR,SMR,mpa,2024-06-25,18.19799999999998,0.274,2024-06-25,34.0,2024-06-25,0.274
18,2024-06-25,ANACAPA_EAST_ISLE_E,INNER,2,EISARBADSUB,154,34.017033,-119.361133,Anacapa Island SMR,SMR,mpa,2024-06-25,18.19799999999998,0.274,2024-06-25,34.0,2024-06-25,0.274
19,2024-06-25,ANACAPA_EAST_ISLE_E,INNER,2,LAMFAR,216,34.01666667,-119.3616667,Anacapa Island SMR,SMR,mpa,2024-06-25,18.19799999999998,0.274,2024-06-25,34.0,2024-06-25,0.274
20,2024-06-25,ANACAPA_EAST_ISLE_E,INNER,2,LAMFAR,216,34.017033,-119.361133,Anacapa Island SMR,SMR,mpa,2024-06-25,18.19799999999998,0.274,2024-06-25,34.0,2024-06-25,0.274
21,2024-06-25,ANACAPA_EAST_ISLE_E,INNER,2,MACPYRAD,86,34.01666667,-119.3616667,Anacapa Island SMR,SMR,mpa,2024-06-25,18.19799999999998,0.274,2024-06-25,34.0,2024-06-25,0.274
22,2024-06-25,ANACAPA_EAST_ISLE_E,INNER,2,MACPYRAD,86,34.017033,-119.361133,Anacapa Island SMR,SMR,mpa,2024-06-25,18.19799999999998,0.274,2024-06-25,34.0,2024-06-25,0.274
23,2024-06-25,ANACAPA_EAST_ISLE_E,INNER,2,STEOSMAD,2,34.01666667,-119.3616667,Anacapa Island SMR,SMR,mpa,2024-06-25,18.19799999999998,0.274,2024-06-25,34.0,2024-06-25,0.274
24,2024-06-25,ANACAPA_EAST_ISLE_E,INNER,2,STEOSMAD,2,34.017033,-119.361133,Anacapa Island SMR,SMR,mpa,2024-06-25,18.19799999999998,0.274,2024-06-25,34.0,2024-06-25,0.274
25,2024-06-25,ANACAPA_EAST_ISLE_E,OUTER,1,EISARBAD,52,34.01666667,-119.3616667,Anacapa Island SMR,SMR,mpa,2024-06-25,18.19799999999998,0.274,2024-06-25,34.0,2024-06-25,0.274
26,2024-06-25,ANACAPA_EAST_ISLE_E,OUTER,1,EISARBAD,52,34.017033,-119.361133,Anacapa Island SMR,SMR,mpa,2024-06-25,18.19799999999998,0.274,2024-06-25,34.0,2024-06-25,0.274
27,2024-06-25,ANACAPA_EAST_ISLE_E,OUTER,1,EISARBADSUB,78,34.01666667,-119.3616667,Anacapa Island SMR,SMR,mpa,2024-06-25,18.19799999999998,0.274,2024-06-25,34.0,2024-06-25,0.274
28,2024-06-25,ANACAPA_EAST_ISLE_E,OUTER,1,EISARBADSUB,78,34.017033,-119.361133,Anacapa Island SMR,SMR,mpa,2024-06-25,18.19799999999998,0.274,2024-06-25,34.0,2024-06-25,0.274
29,2024-06-25,ANACAPA_EAST_ISLE_E,OUTER,1,LAMFAR,434,34.01666667,-119.3616667,Anacapa Island SMR,SMR,mpa,2024-06-25,18.19799999999998,0.274,2024-06-25,34.0,2024-06-25,0.274
30,2024-06-25,ANACAPA_EAST_ISLE_E,OUTER,1,LAMFAR,434,34.017033,-119.361133,Anacapa Island SMR,SMR,mpa,2024-06-25,18.19799999999998,0.274,2024-06-25,34.0,2024-06-25,0.274
31,2024-06-25,ANACAPA_EAST_ISLE_E,OUTER,1,MACPYRAD,22,34.01666667,-119.3616667,Anacapa Island SMR,SMR,mpa,2024-06-25,18.19799999999998,0.274,2024-06-25,34.0,2024-06-25,0.274
32,2024-06-25,ANACAPA_EAST_ISLE_E,OUTER,1,MACPYRAD,22,34.017033,-119.361133,Anacapa Island SMR,SMR,mpa,2024-06-25,18.19799999999998,0.274,2024-06-25,34.0,2024-06-25,0.274
33,2024-06-25,ANACAPA_EAST_ISLE_E,OUTER,1,PTECALADSUB,4,34.01666667,-119.3616667,Anacapa Island SMR,SMR,mpa,2024-06-25,18.19799999999998,0.274,2024-06-25,34.0,2024-06-25,0.274
34,2024-06-25,ANACAPA_EAST_ISLE_E,OUTER,1,PTECALADSUB,4,34.017033,-119.361133,Anacapa Island SMR,SMR,mpa,2024-06-25,18.19799999999998,0.274,2024-06-25,34.0,2024-06-25,0.274
35,2024-06-25,ANACAPA_EAST_ISLE_E,OUTER,1,STEOSMAD,12,34.01666667,-119.3616667,Anacapa Island SMR,SMR,mpa,2024-06-25,18.19799999999998,0.274,2024-06-25,34.0,2024-06-25,0.274
36,2024-06-25,ANACAPA_EAST_ISLE_E,OUTER,1,STEOSMAD,12,34.017033,-119.361133,Anacapa Island SMR,SMR,mpa,2024-06-25,18.19799999999998,0.274,2024-06-25,34.0,2024-06-25,0.274
37,2024-06-25,ANACAPA_EAST_ISLE_E,OUTER,2,EISARBAD,10,34.01666667,-119.3616667,Anacapa Island SMR,SMR,mpa,2024-06-25,18.19799999999998,0.274,2024-06-25,34.0,2024-06-25,0.274
38,2024-06-25,ANACAPA_EAST_ISLE_E,OUTER,2,EISARBAD,10,34.017033,-119.361133,Anacapa Island SMR,SMR,mpa,2024-06-25,18.19799999999998,0.274,2024-06-25,34.0,2024-06-25,0.274
39,2024-06-25,ANACAPA_EAST_ISLE_E,OUTER,2,EISARBADSUB,18,34.01666667,-119.3616667,Anacapa Island SMR,SMR,mpa,2024-06-25,18.19799999999998,0.274,2024-06-25,34.0,2024-06-25,0.274
40,2024-06-25,ANACAPA_EAST_ISLE_E,OUTER,2,EISARBADSUB,18,34.017033,-119.361133,Anacapa Island SMR,SMR,mpa,2024-06-25,18.19799999999998,0.274,2024-06-25,34.0,2024-06-25,0.274
41,2024-06-25,ANACAPA_EAST_ISLE_E,OUTER,2,LAMFAR,376,34.01666667,-119.3616667,Anacapa Island SMR,SMR,mpa,2024-06-25,18.19799999999998,0.274,2024-06-25,34.0,2024-06-25,0.274
42,2024-06-25,ANACAPA_EAST_ISLE_E,OUTER,2,LAMFAR,376,34.017033,-119.361133,Anacapa Island SMR,SMR,mpa,2024-06-25,18.19799999999998,0.274,2024-06-25,34.0,2024-06-25,0.274
43,2024-06-25,ANACAPA_EAST_ISLE_E,OUTER,2,MACPYRAD,44,34.01666667,-119.3616667,Anacapa Island SMR,SMR,mpa,2024-06-25,18.19799999999998,0.274,2024-06-25,34.0,2024-06-25,0.274
44,2024-06-25,ANACAPA_EAST_ISLE_E,OUTER,2,MACPYRAD,44,34.017033,-119.361133,Anacapa Island SMR,SMR,mpa,2024-06-25,18.19799999999998,0.274,2024-06-25,34.0,2024-06-25,0.274
45,2024-06-25,ANACAPA_EAST_ISLE_E,OUTER,2,STEOSMAD,162,34.01666667,-119.3616667,Anacapa Island SMR,SMR,mpa,2024-06-25,18.19799999999998,0.274,2024-06-25,34.0,2024-06-25,0.274
46,2024-06-25,ANACAPA_EAST_ISLE_E,OUTER,2,STEOSMAD,162,34.017033,-119.361133,Anacapa Island SMR,SMR,mpa,2024-06-25,18.19799999999998,0.274,2024-06-25,34.0,2024-06-25,0.274
47,2024-06-25,ANACAPA_EAST_ISLE_W,INNER,1,EISARBAD,3,34.015867,-119.371733,Anacapa Island SMR,SMR,mpa,2024-06-25,18.14699999999999,0.274,2024-06-25,34.0,2024-06-25,0.274
48,2024-06-25,ANACAPA_EAST_ISLE_W,INNER,1,EISARBADSUB,19,34.015867,-119.371733,Anacapa Island SMR,SMR,mpa,2024-06-25,18.14699999999999,0.274,2024-06-25,34.0,2024-06-25,0.274
49,2024-06-25,ANACAPA_EAST_ISLE_W,INNER,1,LAMFAR,252,34.015867,-119.371733,Anacapa Island SMR,SMR,mpa,2024-06-25,18.14699999999999,0.274,2024-06-25,34.0,2024-06-25,0.274
50,2024-06-25,ANACAPA_EAST_ISLE_W,INNER,1,MACPYRAD,35,34.015867,-119.371733,Anacapa Island SMR,SMR,mpa,2024-06-25,18.14699999999999,0.274,2024-06-25,34.0,2024-06-25,0.274
51,2024-06-25,ANACAPA_EAST_ISLE_W,INNER,1,STEOSMAD,41,34.015867,-119.371733,Anacapa Island SMR,SMR,mpa,2024-06-25,18.14699999999999,0.274,2024-06-25,34.0,2024-06-25,0.274
52,2024-06-25,ANACAPA_EAST_ISLE_W,INNER,2,EISARBAD,1,34.015867,-119.371733,Anacapa Island SMR,SMR,mpa,2024-06-25,18.14699999999999,0.274,2024-06-25,34.0,2024-06-25,0.274
53,2024-06-25,ANACAPA_EAST_ISLE_W,INNER,2,EISARBADSUB,1,34.015867,-119.371733,Anacapa Island SMR,SMR,mpa,2024-06-25,18.14699999999999,0.274,2024-06-25,34.0,2024-06-25,0.274
54,2024-06-25,ANACAPA_EAST_ISLE_W,INNER,2,LAMFAR,90,34.015867,-119.371733,Anacapa Island SMR,SMR,mpa,2024-06-25,18.14699999999999,0.274,2024-06-25,34.0,2024-06-25,0.274
55,2024-06-25,ANACAPA_EAST_ISLE_W,INNER,2,MACPYRAD,363,34.015867,-119.371733,Anacapa Island SMR,SMR,mpa,2024-06-25,18.14699999999999,0.274,2024-06-25,34.0,2024-06-25,0.274
56,2024-06-25,ANACAPA_EAST_ISLE_W,INNER,2,STEOSMAD,16,34.015867,-119.371733,Anacapa Island SMR,SMR,mpa,2024-06-25,18.14699999999999,0.274,2024-06-25,34.0,2024-06-25,0.274
57,2024-06-25,ANACAPA_EAST_ISLE_W,OUTER,1,LAMFAR,276,34.015867,-119.371733,Anacapa Island SMR,SMR,mpa,2024-06-25,18.14699999999999,0.274,2024-06-25,34.0,2024-06-25,0.274
58,2024-06-25,ANACAPA_EAST_ISLE_W,OUTER,1,MACPYRAD,20,34.015867,-119.371733,Anacapa Island SMR,SMR,mpa,2024-06-25,18.14699999999999,0.274,2024-06-25,34.0,2024-06-25,0.274
59,2024-06-25,ANACAPA_EAST_ISLE_W,OUTER,1,STEOSMAD,47,34.015867,-119.371733,Anacapa Island SMR,SMR,mpa,2024-06-25,18.14699999999999,0.274,2024-06-25,34.0,2024-06-25,0.274
60,2024-06-25,ANACAPA_EAST_ISLE_W,OUTER,2,EISARBAD,1,34.015867,-119.371733,Anacapa Island SMR,SMR,mpa,2024-06-25,18.14699999999999,0.274,2024-06-25,34.0,2024-06-25,0.274
61,2024-06-25,ANACAPA_EAST_ISLE_W,OUTER,2,EISARBADSUB,5,34.015867,-119.371733,Anacapa Island SMR,SMR,mpa,2024-06-25,18.14699999999999,0.274,2024-06-25,34.0,2024-06-25,0.274
62,2024-06-25,ANACAPA_EAST_ISLE_W,OUTER,2,LAMFAR,220,34.015867,-119.371733,Anacapa Island SMR,SMR,mpa,2024-06-25,18.14699999999999,0.274,2024-06-25,34.0,2024-06-25,0.274
63,2024-06-25,ANACAPA_EAST_ISLE_W,OUTER,2,MACPYRAD,98,34.015867,-119.371733,Anacapa Island SMR,SMR,mpa,2024-06-25,18.14699999999999,0.274,2024-06-25,34.0,2024-06-25,0.274
64,2024-06-25,ANACAPA_EAST_ISLE_W,OUTER,2,STEOSMAD,4,34.015867,-119.371733,Anacapa Island SMR,SMR,mpa,2024-06-25,18.14699999999999,0.274,2024-06-25,34.0,2024-06-25,0.274
65,2024-06-25,ANACAPA_MIDDLE_ISLE_CEN,INNER,1,EISARBAD,6,34.0100609,-119.3877751,Anacapa Island SMR,SMR,mpa,2024-06-25,18.112000000000023,0.274,2024-06-25,34.0,2024-06-25,0.274
66,2024-06-25,ANACAPA_MIDDLE_ISLE_CEN,INNER,1,EISARBADSUB,54,34.0100609,-119.3877751,Anacapa Island SMR,SMR,mpa,2024-06-25,18.112000000000023,0.274,2024-06-25,34.0,2024-06-25,0.274
67,2024-06-25,ANACAPA_MIDDLE_ISLE_CEN,INNER,1,LAMFAR,422,34.0100609,-119.3877751,Anacapa Island SMR,SMR,mpa,2024-06-25,18.112000000000023,0.274,2024-06-25,34.0,2024-06-25,0.274
68,2024-06-25,ANACAPA_MIDDLE_ISLE_CEN,INNER,1,MACPYRAD,9,34.0100609,-119.3877751,Anacapa Island SMR,SMR,mpa,2024-06-25,18.112000000000023,0.274,2024-06-25,34.0,2024-06-25,0.274
69,2024-06-25,ANACAPA_MIDDLE_ISLE_CEN,INNER,1,STEOSMAD,3,34.0100609,-119.3877751,Anacapa Island SMR,SMR,mpa,2024-06-25,18.112000000000023,0.274,2024-06-25,34.0,2024-06-25,0.274
70,2024-06-25,ANACAPA_MIDDLE_ISLE_CEN,INNER,2,EISARBAD,4,34.0100609,-119.3877751,Anacapa Island SMR,SMR,mpa,2024-06-25,18.112000000000023,0.274,2024-06-25,34.0,2024-06-25,0.274
71,2024-06-25,ANACAPA_MIDDLE_ISLE_CEN,INNER,2,EISARBADSUB,16,34.0100609,-119.3877751,Anacapa Island SMR,SMR,mpa,2024-06-25,18.112000000000023,0.274,2024-06-25,34.0,2024-06-25,0.274
72,2024-06-25,ANACAPA_MIDDLE_ISLE_CEN,INNER,2,LAMFAR,423,34.0100609,-119.3877751,Anacapa Island SMR,SMR,mpa,2024-06-25,18.112000000000023,0.274,2024-06-25,34.0,2024-06-25,0.274
73,2024-06-25,ANACAPA_MIDDLE_ISLE_CEN,INNER,2,MACPYRAD,8,34.0100609,-119.3877751,Anacapa Island SMR,SMR,mpa,2024-06-25,18.112000000000023,0.274,2024-06-25,34.0,2024-06-25,0.274
74,2024-06-25,ANACAPA_MIDDLE_ISLE_CEN,OUTER,1,EISARBADSUB,18,34.0100609,-119.3877751,Anacapa Island SMR,SMR,mpa,2024-06-25,18.112000000000023,0.274,2024-06-25,34.0,2024-06-25,0.274
75,2024-06-25,ANACAPA_MIDDLE_ISLE_CEN,OUTER,1,LAMFAR,275,34.0100609,-119.3877751,Anacapa Island SMR,SMR,mpa,2024-06-25,18.112000000000023,0.274,2024-06-25,34.0,2024-06-25,0.274
76,2024-06-25,ANACAPA_MIDDLE_ISLE_CEN,OUTER,1,MACPYRAD,9,34.0100609,-119.3877751,Anacapa Island SMR,SMR,mpa,2024-06-25,18.112000000000023,0.274,2024-06-25,34.0,2024-06-25,0.274
77,2024-06-25,ANACAPA_MIDDLE_ISLE_CEN,OUTER,1,STEOSMAD,2,34.0100609,-119.3877751,Anacapa Island SMR,SMR,mpa,2024-06-25,18.112000000000023,0.274,2024-06-25,34.0,2024-06-25,0.274
78,2024-06-25,ANACAPA_MIDDLE_ISLE_CEN,OUTER,2,EISARBAD,5,34.0100609,-119.3877751,Anacapa Island SMR,SMR,mpa,2024-06-25,18.112000000000023,0.274,2024-06-25,34.0,2024-06-25,0.274
79,2024-06-25,ANACAPA_MIDDLE_ISLE_CEN,OUTER,2,EISARBADSUB,12,34.0100609,-119.3877751,Anacapa Island SMR,SMR,mpa,2024-06-25,18.112000000000023,0.274,2024-06-25,34.0,2024-06-25,0.274
80,2024-06-25,ANACAPA_MIDDLE_ISLE_CEN,OUTER,2,LAMFAR,292,34.0100609,-119.3877751,Anacapa Island SMR,SMR,mpa,2024-06-25,18.112000000000023,0.274,2024-06-25,34.0,2024-06-25,0.274
81,2024-06-25,ANACAPA_MIDDLE_ISLE_CEN,OUTER,2,MACPYRAD,9,34.0100609,-119.3877751,Anacapa Island SMR,SMR,mpa,2024-06-25,18.112000000000023,0.274,2024-06-25,34.0,2024-06-25,0.274
82,2024-06-25,ANACAPA_MIDDLE_ISLE_CEN,OUTER,2,STEOSMAD,1,34.0100609,-119.3877751,Anacapa Island SMR,SMR,mpa,2024-06-25,18.112000000000023,0.274,2024-06-25,34.0,2024-06-25,0.274
83,2024-06-25,ANACAPA_MIDDLE_ISLE_W,OUTER,1,EISARBAD,6,34.007833,-119.394467,Anacapa Island SMR,SMR,mpa,2024-06-25,18.112000000000023,0.274,2024-06-25,34.0,2024-06-25,0.274
84,2024-06-25,ANACAPA_MIDDLE_ISLE_W,OUTER,1,LAMFAR,306,34.007833,-119.394467,Anacapa Island SMR,SMR,mpa,2024-06-25,18.112000000000023,0.274,2024-06-25,34.0,2024-06-25,0.274
85,2024-06-25,ANACAPA_MIDDLE_ISLE_W,OUTER,1,MACPYRAD,25,34.007833,-119.394467,Anacapa Island SMR,SMR,mpa,2024-06-25,18.112000000000023,0.274,2024-06-25,34.0,2024-06-25,0.274
86,2024-06-25,ANACAPA_MIDDLE_ISLE_W,OUTER,2,EISARBADSUB,1,34.007833,-119.394467,Anacapa Island SMR,SMR,mpa,2024-06-25,18.112000000000023,0.274,2024-06-25,34.0,2024-06-25,0.274
87,2024-06-25,ANACAPA_MIDDLE_ISLE_W,OUTER,2,LAMFAR,77,34.007833,-119.394467,Anacapa Island SMR,SMR,mpa,2024-06-25,18.112000000000023,0.274,2024-06-25,34.0,2024-06-25,0.274
88,2024-06-25,ANACAPA_MIDDLE_ISLE_W,OUTER,2,MACPYRAD,18,34.007833,-119.394467,Anacapa Island SMR,SMR,mpa,2024-06-25,18.112000000000023,0.274,2024-06-25,34.0,2024-06-25,0.274
89,2024-06-26,SCI_PELICAN_E,INNER,1,MACPYRAD,62,34.02805,-119.690917,Scorpion SMR,SMR,reference,2024-06-26,17.208000000000027,0.622,2024-06-26,34.0,2024-06-26,0.622
90,2024-06-26,SCI_PELICAN_E,INNER,2,MACPYRAD,30,34.02805,-119.690917,Scorpion SMR,SMR,reference,2024-06-26,17.208000000000027,0.622,2024-06-26,34.0,2024-06-26,0.622
91,2024-06-26,SCI_PELICAN_E,OUTER,1,MACPYRAD,12,34.02805,-119.690917,Scorpion SMR,SMR,reference,2024-06-26,17.208000000000027,0.622,2024-06-26,34.0,2024-06-26,0.622
92,2024-06-26,SCI_PELICAN_E,OUTER,2,MACPYRAD,3,34.02805,-119.690917,Scorpion SMR,SMR,reference,2024-06-26,17.208000000000027,0.622,2024-06-26,34.0,2024-06-26,0.622
229,2024-07-02,ANACAPA_EAST_ISLE_CEN,INNER,1,EISARBAD,11,34.017667,-119.363683,Anacapa Island SMR,SMR,mpa,2024-07-02,18.194000000000017,0.812,2024-07-02,34.0,2024-07-02,0.812
230,2024-07-02,ANACAPA_EAST_ISLE_CEN,INNER,1,EISARBADSUB,33,34.017667,-119.363683,Anacapa Island SMR,SMR,mpa,2024-07-02,18.194000000000017,0.812,2024-07-02,34.0,2024-07-02,0.812
231,2024-07-02,ANACAPA_EAST_ISLE_CEN,INNER,1,LAMFAR,229,34.017667,-119.363683,Anacapa Island SMR,SMR,mpa,2024-07-02,18.194000000000017,0.812,2024-07-02,34.0,2024-07-02,0.812
232,2024-07-02,ANACAPA_EAST_ISLE_CEN,INNER,1,MACPYRAD,9,34.017667,-119.363683,Anacapa Island SMR,SMR,mpa,2024-07-02,18.194000000000017,0.812,2024-07-02,34.0,2024-07-02,0.812
233,2024-07-02,ANACAPA_EAST_ISLE_CEN,INNER,1,PTECALAD,1,34.017667,-119.363683,Anacapa Island SMR,SMR,mpa,2024-07-02,18.194000000000017,0.812,2024-07-02,34.0,2024-07-02,0.812
234,2024-07-02,ANACAPA_EAST_ISLE_CEN,INNER,1,PTECALADSUB,1,34.017667,-119.363683,Anacapa Island SMR,SMR,mpa,2024-07-02,18.194000000000017,0.812,2024-07-02,34.0,2024-07-02,0.812
235,2024-07-02,ANACAPA_EAST_ISLE_CEN,INNER,2,EISARBADSUB,14,34.017667,-119.363683,Anacapa Island SMR,SMR,mpa,2024-07-02,18.194000000000017,0.812,2024-07-02,34.0,2024-07-02,0.812
236,2024-07-02,ANACAPA_EAST_ISLE_CEN,INNER,2,LAMFAR,32,34.017667,-119.363683,Anacapa Island SMR,SMR,mpa,2024-07-02,18.194000000000017,0.812,2024-07-02,34.0,2024-07-02,0.812
237,2024-07-02,ANACAPA_EAST_ISLE_CEN,INNER,2,MACPYRAD,31,34.017667,-119.363683,Anacapa Island SMR,SMR,mpa,2024-07-02,18.194000000000017,0.812,2024-07-02,34.0,2024-07-02,0.812
238,2024-07-02,ANACAPA_EAST_ISLE_CEN,INNER,2,PTECALADSUB,1,34.017667,-119.363683,Anacapa Island SMR,SMR,mpa,2024-07-02,18.194000000000017,0.812,2024-07-02,34.0,2024-07-02,0.812
239,2024-07-02,ANACAPA_EAST_ISLE_CEN,OUTER,1,EISARBAD,1,34.017667,-119.363683,Anacapa Island SMR,SMR,mpa,2024-07-02,18.194000000000017,0.812,2024-07-02,34.0,2024-07-02,0.812
240,2024-07-02,ANACAPA_EAST_ISLE_CEN,OUTER,1,EISARBADSUB,9,34.017667,-119.363683,Anacapa Island SMR,SMR,mpa,2024-07-02,18.194000000000017,0.812,2024-07-02,34.0,2024-07-02,0.812
241,2024-07-02,ANACAPA_EAST_ISLE_CEN,OUTER,1,LAMFAR,183,34.017667,-119.363683,Anacapa Island SMR,SMR,mpa,2024-07-02,18.194000000000017,0.812,2024-07-02,34.0,2024-07-02,0.812
242,2024-07-02,ANACAPA_EAST_ISLE_CEN,OUTER,1,MACPYRAD,22,34.017667,-119.363683,Anacapa Island SMR,SMR,mpa,2024-07-02,18.194000000000017,0.812,2024-07-02,34.0,2024-07-02,0.812
243,2024-07-02,ANACAPA_EAST_ISLE_CEN,OUTER,2,EISARBADSUB,2,34.017667,-119.363683,Anacapa Island SMR,SMR,mpa,2024-07-02,18.194000000000017,0.812,2024-07-02,34.0,2024-07-02,0.812
244,2024-07-02,ANACAPA_EAST_ISLE_CEN,OUTER,2,LAMFAR,96,34.017667,-119.363683,Anacapa Island SMR,SMR,mpa,2024-07-02,18.194000000000017,0.812,2024-07-02,34.0,2024-07-02,0.812
245,2024-07-02,ANACAPA_EAST_ISLE_CEN,OUTER,2,MACPYRAD,23,34.017667,-119.363683,Anacapa Island SMR,SMR,mpa,2024-07-02,18.194000000000017,0.812,2024-07-02,34.0,2024-07-02,0.812
246,2024-07-02,ANACAPA_EAST_ISLE_CEN,OUTER,2,STEOSMAD,8,34.017667,-119.363683,Anacapa Island SMR,SMR,mpa,2024-07-02,18.194000000000017,0.812,2024-07-02,34.0,2024-07-02,0.812
247,2024-07-02,ANACAPA_WEST_ISLE_E,OUTER,1,EISARBADSUB,2,34.016083,-119.421833,Anacapa Island SMCA,SMCA,mpa,2024-07-02,18.067999999999984,0.812,2024-07-02,34.0,2024-07-02,0.812
248,2024-07-02,ANACAPA_WEST_ISLE_E,OUTER,1,LAMFAR,53,34.016083,-119.421833,Anacapa Island SMCA,SMCA,mpa,2024-07-02,18.067999999999984,0.812,2024-07-02,34.0,2024-07-02,0.812
249,2024-07-02,ANACAPA_WEST_ISLE_E,OUTER,1,MACPYRAD,57,34.016083,-119.421833,Anacapa Island SMCA,SMCA,mpa,2024-07-02,18.067999999999984,0.812,2024-07-02,34.0,2024-07-02,0.812
250,2024-07-02,ANACAPA_WEST_ISLE_E,OUTER,2,EISARBADSUB,3,34.016083,-119.421833,Anacapa Island SMCA,SMCA,mpa,2024-07-02,18.067999999999984,0.812,2024-07-02,34.0,2024-07-02,0.812
251,2024-07-02,ANACAPA_WEST_ISLE_E,OUTER,2,LAMFAR,202,34.016083,-119.421833,Anacapa Island SMCA,SMCA,mpa,2024-07-02,18.067999999999984,0.812,2024-07-02,34.0,2024-07-02,0.812
252,2024-07-02,ANACAPA_WEST_ISLE_E,OUTER,2,MACPYRAD,17,34.016083,-119.421833,Anacapa Island SMCA,SMCA,mpa,2024-07-02,18.067999999999984,0.812,2024-07-02,34.0,2024-07-02,0.812
253,2024-07-02,ANACAPA_WEST_ISLE_E,OUTER,2,UNDPIN,2,34.016083,-119.421833,Anacapa Island SMCA,SMCA,mpa,2024-07-02,18.067999999999984,0.812,2024-07-02,34.0,2024-07-02,0.812
351,2024-07-05,ANACAPA_LIGHTHOUSE_REEF_W,INNER,1,EISARBADSUB,1,34.010783,-119.3725,Anacapa Island SMR,SMR,reference,2024-07-05,19.512999999999977,0.681,2024-07-05,34.0,2024-07-05,0.681
352,2024-07-05,ANACAPA_LIGHTHOUSE_REEF_W,INNER,1,MACPYRAD,27,34.010783,-119.3725,Anacapa Island SMR,SMR,reference,2024-07-05,19.512999999999977,0.681,2024-07-05,34.0,2024-07-05,0.681
353,2024-07-05,ANACAPA_LIGHTHOUSE_REEF_W,INNER,1,STEOSMAD,3,34.010783,-119.3725,Anacapa Island SMR,SMR,reference,2024-07-05,19.512999999999977,0.681,2024-07-05,34.0,2024-07-05,0.681
354,2024-07-05,ANACAPA_LIGHTHOUSE_REEF_W,INNER,2,EISARBAD,1,34.010783,-119.3725,Anacapa Island SMR,SMR,reference,2024-07-05,19.512999999999977,0.681,2024-07-05,34.0,2024-07-05,0.681
355,2024-07-05,ANACAPA_LIGHTHOUSE_REEF_W,INNER,2,EISARBADSUB,3,34.010783,-119.3725,Anacapa Island SMR,SMR,reference,2024-07-05,19.512999999999977,0.681,2024-07-05,34.0,2024-07-05,0.681
356,2024-07-05,ANACAPA_LIGHTHOUSE_REEF_W,INNER,2,MACPYRAD,30,34.010783,-119.3725,Anacapa Island SMR,SMR,reference,2024-07-05,19.512999999999977,0.681,2024-07-05,34.0,2024-07-05,0.681
357,2024-07-05,ANACAPA_LIGHTHOUSE_REEF_W,INNER,2,STEOSMAD,13,34.010783,-119.3725,Anacapa Island SMR,SMR,reference,2024-07-05,19.512999999999977,0.681,2024-07-05,34.0,2024-07-05,0.681
358,2024-07-05,ANACAPA_MIDDLE_ISLE_E,INNER,1,EISARBAD,2,34.0085,-119.388167,Anacapa Island SMR,SMR,mpa,2024-07-05,19.45299999999997,0.681,2024-07-05,34.0,2024-07-05,0.681
359,2024-07-05,ANACAPA_MIDDLE_ISLE_E,INNER,1,EISARBADSUB,60,34.0085,-119.388167,Anacapa Island SMR,SMR,mpa,2024-07-05,19.45299999999997,0.681,2024-07-05,34.0,2024-07-05,0.681
360,2024-07-05,ANACAPA_MIDDLE_ISLE_E,INNER,1,LAMFAR,213,34.0085,-119.388167,Anacapa Island SMR,SMR,mpa,2024-07-05,19.45299999999997,0.681,2024-07-05,34.0,2024-07-05,0.681
361,2024-07-05,ANACAPA_MIDDLE_ISLE_E,INNER,1,MACPYRAD,124,34.0085,-119.388167,Anacapa Island SMR,SMR,mpa,2024-07-05,19.45299999999997,0.681,2024-07-05,34.0,2024-07-05,0.681
362,2024-07-05,ANACAPA_MIDDLE_ISLE_E,INNER,1,STEOSMAD,1,34.0085,-119.388167,Anacapa Island SMR,SMR,mpa,2024-07-05,19.45299999999997,0.681,2024-07-05,34.0,2024-07-05,0.681
363,2024-07-05,ANACAPA_MIDDLE_ISLE_E,INNER,2,EISARBAD,7,34.0085,-119.388167,Anacapa Island SMR,SMR,mpa,2024-07-05,19.45299999999997,0.681,2024-07-05,34.0,2024-07-05,0.681
364,2024-07-05,ANACAPA_MIDDLE_ISLE_E,INNER,2,EISARBADSUB,19,34.0085,-119.388167,Anacapa Island SMR,SMR,mpa,2024-07-05,19.45299999999997,0.681,2024-07-05,34.0,2024-07-05,0.681
365,2024-07-05,ANACAPA_MIDDLE_ISLE_E,INNER,2,LAMFAR,252,34.0085,-119.388167,Anacapa Island SMR,SMR,mpa,2024-07-05,19.45299999999997,0.681,2024-07-05,34.0,2024-07-05,0.681
366,2024-07-05,ANACAPA_MIDDLE_ISLE_E,INNER,2,MACPYRAD,79,34.0085,-119.388167,Anacapa Island SMR,SMR,mpa,2024-07-05,19.45299999999997,0.681,2024-07-05,34.0,2024-07-05,0.681
367,2024-07-05,ANACAPA_MIDDLE_ISLE_E,OUTER,1,EISARBAD,2,34.0085,-119.388167,Anacapa Island SMR,SMR,mpa,2024-07-05,19.45299999999997,0.681,2024-07-05,34.0,2024-07-05,0.681
368,2024-07-05,ANACAPA_MIDDLE_ISLE_E,OUTER,1,EISARBADSUB,17,34.0085,-119.388167,Anacapa Island SMR,SMR,mpa,2024-07-05,19.45299999999997,0.681,2024-07-05,34.0,2024-07-05,0.681
369,2024-07-05,ANACAPA_MIDDLE_ISLE_E,OUTER,1,LAMFAR,122,34.0085,-119.388167,Anacapa Island SMR,SMR,mpa,2024-07-05,19.45299999999997,0.681,2024-07-05,34.0,2024-07-05,0.681
370,2024-07-05,ANACAPA_MIDDLE_ISLE_E,OUTER,1,MACPYRAD,25,34.0085,-119.388167,Anacapa Island SMR,SMR,mpa,2024-07-05,19.45299999999997,0.681,2024-07-05,34.0,2024-07-05,0.681
371,2024-07-05,ANACAPA_MIDDLE_ISLE_E,OUTER,2,EISARBAD,1,34.0085,-119.388167,Anacapa Island SMR,SMR,mpa,2024-07-05,19.45299999999997,0.681,2024-07-05,34.0,2024-07-05,0.681
372,2024-07-05,ANACAPA_MIDDLE_ISLE_E,OUTER,2,EISARBADSUB,8,34.0085,-119.388167,Anacapa Island SMR,SMR,mpa,2024-07-05,19.45299999999997,0.681,2024-07-05,34.0,2024-07-05,0.681
373,2024-07-05,ANACAPA_MIDDLE_ISLE_E,OUTER,2,LAMFAR,751,34.0085,-119.388167,Anacapa Island SMR,SMR,mpa,2024-07-05,19.45299999999997,0.681,2024-07-05,34.0,2024-07-05,0.681
374,2024-07-05,ANACAPA_MIDDLE_ISLE_E,OUTER,2,MACPYRAD,36,34.0085,-119.388167,Anacapa Island SMR,SMR,mpa,2024-07-05,19.45299999999997,0.681,2024-07-05,34.0,2024-07-05,0.681
375,2024-07-05,ANACAPA_WEST_ISLE_CEN,INNER,1,EISARBAD,2,34.01641667,-119.4320167,Anacapa Island SMCA,SMCA,mpa,2024-07-05,19.30000000000001,0.681,2024-07-05,34.0,2024-07-05,0.681
376,2024-07-05,ANACAPA_WEST_ISLE_CEN,INNER,1,EISARBAD,2,34.016983,-119.432917,Anacapa Island SMCA,SMCA,mpa,2024-07-05,19.30000000000001,0.681,2024-07-05,34.0,2024-07-05,0.681
377,2024-07-05,ANACAPA_WEST_ISLE_CEN,INNER,1,EISARBADSUB,24,34.01641667,-119.4320167,Anacapa Island SMCA,SMCA,mpa,2024-07-05,19.30000000000001,0.681,2024-07-05,34.0,2024-07-05,0.681
378,2024-07-05,ANACAPA_WEST_ISLE_CEN,INNER,1,EISARBADSUB,24,34.016983,-119.432917,Anacapa Island SMCA,SMCA,mpa,2024-07-05,19.30000000000001,0.681,2024-07-05,34.0,2024-07-05,0.681
379,2024-07-05,ANACAPA_WEST_ISLE_CEN,INNER,1,LAMFAR,84,34.01641667,-119.4320167,Anacapa Island SMCA,SMCA,mpa,2024-07-05,19.30000000000001,0.681,2024-07-05,34.0,2024-07-05,0.681
380,2024-07-05,ANACAPA_WEST_ISLE_CEN,INNER,1,LAMFAR,84,34.016983,-119.432917,Anacapa Island SMCA,SMCA,mpa,2024-07-05,19.30000000000001,0.681,2024-07-05,34.0,2024-07-05,0.681
381,2024-07-05,ANACAPA_WEST_ISLE_CEN,INNER,1,MACPYRAD,260,34.01641667,-119.4320167,Anacapa Island SMCA,SMCA,mpa,2024-07-05,19.30000000000001,0.681,2024-07-05,34.0,2024-07-05,0.681
382,2024-07-05,ANACAPA_WEST_ISLE_CEN,INNER,1,MACPYRAD,260,34.016983,-119.432917,Anacapa Island SMCA,SMCA,mpa,2024-07-05,19.30000000000001,0.681,2024-07-05,34.0,2024-07-05,0.681
383,2024-07-05,ANACAPA_WEST_ISLE_CEN,OUTER,1,LAMFAR,578,34.01641667,-119.4320167,Anacapa Island SMCA,SMCA,mpa,2024-07-05,19.30000000000001,0.681,2024-07-05,34.0,2024-07-05,0.681
384,2024-07-05,ANACAPA_WEST_ISLE_CEN,OUTER,1,LAMFAR,578,34.016983,-119.432917,Anacapa Island SMCA,SMCA,mpa,2024-07-05,19.30000000000001,0.681,2024-07-05,34.0,2024-07-05,0.681
385,2024-07-05,ANACAPA_WEST_ISLE_CEN,OUTER,1,MACPYRAD,42,34.01641667,-119.4320167,Anacapa Island SMCA,SMCA,mpa,2024-07-05,19.30000000000001,0.681,2024-07-05,34.0,2024-07-05,0.681
386,2024-07-05,ANACAPA_WEST_ISLE_CEN,OUTER,1,MACPYRAD,42,34.016983,-119.432917,Anacapa Island SMCA,SMCA,mpa,2024-07-05,19.30000000000001,0.681,2024-07-05,34.0,2024-07-05,0.681
387,2024-07-05,ANACAPA_WEST_ISLE_CEN,OUTER,1,UNDPIN,2,34.01641667,-119.4320167,Anacapa Island SMCA,SMCA,mpa,2024-07-05,19.30000000000001,0.681,2024-07-05,34.0,2024-07-05,0.681
388,2024-07-05,ANACAPA_WEST_ISLE_CEN,OUTER,1,UNDPIN,2,34.016983,-119.432917,Anacapa Island SMCA,SMCA,mpa,2024-07-05,19.30000000000001,0.681,2024-07-05,34.0,2024-07-05,0.681
389,2024-07-05,ANACAPA_WEST_ISLE_E,INNER,1,EISARBADSUB,1,34.016083,-119.421833,Anacapa Island SMCA,SMCA,mpa,2024-07-05,19.333000000000027,0.681,2024-07-05,34.0,2024-07-05,0.681
390,2024-07-05,ANACAPA_WEST_ISLE_E,INNER,1,LAMFAR,8,34.016083,-119.421833,Anacapa Island SMCA,SMCA,mpa,2024-07-05,19.333000000000027,0.681,2024-07-05,34.0,2024-07-05,0.681
391,2024-07-05,ANACAPA_WEST_ISLE_E,INNER,1,MACPYRAD,589,34.016083,-119.421833,Anacapa Island SMCA,SMCA,mpa,2024-07-05,19.333000000000027,0.681,2024-07-05,34.0,2024-07-05,0.681
392,2024-07-05,ANACAPA_WEST_ISLE_E,INNER,1,UNDPIN,6,34.016083,-119.421833,Anacapa Island SMCA,SMCA,mpa,2024-07-05,19.333000000000027,0.681,2024-07-05,34.0,2024-07-05,0.681
393,2024-07-05,ANACAPA_WEST_ISLE_E,INNER,2,EISARBADSUB,36,34.016083,-119.421833,Anacapa Island SMCA,SMCA,mpa,2024-07-05,19.333000000000027,0.681,2024-07-05,34.0,2024-07-05,0.681
394,2024-07-05,ANACAPA_WEST_ISLE_E,INNER,2,LAMFAR,4,34.016083,-119.421833,Anacapa Island SMCA,SMCA,mpa,2024-07-05,19.333000000000027,0.681,2024-07-05,34.0,2024-07-05,0.681
395,2024-07-05,ANACAPA_WEST_ISLE_E,INNER,2,MACPYRAD,110,34.016083,-119.421833,Anacapa Island SMCA,SMCA,mpa,2024-07-05,19.333000000000027,0.681,2024-07-05,34.0,2024-07-05,0.681
396,2024-07-05,ANACAPA_WEST_ISLE_E,INNER,2,STEOSMAD,1,34.016083,-119.421833,Anacapa Island SMCA,SMCA,mpa,2024-07-05,19.333000000000027,0.681,2024-07-05,34.0,2024-07-05,0.681
397,2024-07-05,ANACAPA_WEST_ISLE_W,INNER,1,EISARBADSUB,9,34.017417,-119.438067,Anacapa Island SMCA,SMCA,mpa,2024-07-05,19.26600000000002,0.681,2024-07-05,34.0,2024-07-05,0.681
398,2024-07-05,ANACAPA_WEST_ISLE_W,INNER,1,LAMFAR,226,34.017417,-119.438067,Anacapa Island SMCA,SMCA,mpa,2024-07-05,19.26600000000002,0.681,2024-07-05,34.0,2024-07-05,0.681
399,2024-07-05,ANACAPA_WEST_ISLE_W,INNER,1,MACPYRAD,35,34.017417,-119.438067,Anacapa Island SMCA,SMCA,mpa,2024-07-05,19.26600000000002,0.681,2024-07-05,34.0,2024-07-05,0.681
400,2024-07-05,ANACAPA_WEST_ISLE_W,INNER,2,EISARBADSUB,1,34.017417,-119.438067,Anacapa Island SMCA,SMCA,mpa,2024-07-05,19.26600000000002,0.681,2024-07-05,34.0,2024-07-05,0.681
401,2024-07-05,ANACAPA_WEST_ISLE_W,INNER,2,LAMFAR,668,34.017417,-119.438067,Anacapa Island SMCA,SMCA,mpa,2024-07-05,19.26600000000002,0.681,2024-07-05,34.0,2024-07-05,0.681
402,2024-07-05,ANACAPA_WEST_ISLE_W,INNER,2,MACPYRAD,66,34.017417,-119.438067,Anacapa Island SMCA,SMCA,mpa,2024-07-05,19.26600000000002,0.681,2024-07-05,34.0,2024-07-05,0.681
606,2024-07-23,ANACAPA_EAST_FISH_CAMP_W,OUTER,1,MACPYRAD,21,34.003083,-119.404167,Anacapa Island SMR,SMR,reference,2024-07-23,20.82799999999997,0.809,2024-07-23,34.0,2024-07-23,0.809
607,2024-07-23,ANACAPA_EAST_FISH_CAMP_W,OUTER,1,STEOSMAD,9,34.003083,-119.404167,Anacapa Island SMR,SMR,reference,2024-07-23,20.82799999999997,0.809,2024-07-23,34.0,2024-07-23,0.809
608,2024-07-23,ANACAPA_EAST_FISH_CAMP_W,OUTER,2,EISARBADSUB,1,34.003083,-119.404167,Anacapa Island SMR,SMR,reference,2024-07-23,20.82799999999997,0.809,2024-07-23,34.0,2024-07-23,0.809
609,2024-07-23,ANACAPA_EAST_FISH_CAMP_W,OUTER,2,MACPYRAD,21,34.003083,-119.404167,Anacapa Island SMR,SMR,reference,2024-07-23,20.82799999999997,0.809,2024-07-23,34.0,2024-07-23,0.809
610,2024-07-23,ANACAPA_EAST_FISH_CAMP_W,OUTER,2,STEOSMAD,6,34.003083,-119.404167,Anacapa Island SMR,SMR,reference,2024-07-23,20.82799999999997,0.809,2024-07-23,34.0,2024-07-23,0.809
611,2024-07-23,ANACAPA_LIGHTHOUSE_REEF_CEN,OUTER,1,LAMFAR,4,34.012783,-119.363133,Anacapa Island SMR,SMR,reference,2024-07-23,20.857000000000028,0.809,2024-07-23,34.0,2024-07-23,0.809
612,2024-07-23,ANACAPA_LIGHTHOUSE_REEF_CEN,OUTER,1,MACPYRAD,62,34.012783,-119.363133,Anacapa Island SMR,SMR,reference,2024-07-23,20.857000000000028,0.809,2024-07-23,34.0,2024-07-23,0.809
613,2024-07-23,ANACAPA_LIGHTHOUSE_REEF_CEN,OUTER,1,STEOSMAD,27,34.012783,-119.363133,Anacapa Island SMR,SMR,reference,2024-07-23,20.857000000000028,0.809,2024-07-23,34.0,2024-07-23,0.809
614,2024-07-23,ANACAPA_LIGHTHOUSE_REEF_CEN,OUTER,2,EISARBADSUB,1,34.012783,-119.363133,Anacapa Island SMR,SMR,reference,2024-07-23,20.857000000000028,0.809,2024-07-23,34.0,2024-07-23,0.809
615,2024-07-23,ANACAPA_LIGHTHOUSE_REEF_CEN,OUTER,2,MACPYRAD,48,34.012783,-119.363133,Anacapa Island SMR,SMR,reference,2024-07-23,20.857000000000028,0.809,2024-07-23,34.0,2024-07-23,0.809
616,2024-07-23,ANACAPA_LIGHTHOUSE_REEF_CEN,OUTER,2,STEOSMAD,2,34.012783,-119.363133,Anacapa Island SMR,SMR,reference,2024-07-23,20.857000000000028,0.809,2024-07-23,34.0,2024-07-23,0.809
617,2024-07-23,ANACAPA_LIGHTHOUSE_REEF_W,OUTER,1,EISARBADSUB,1,34.010783,-119.3725,Anacapa Island SMR,SMR,reference,2024-07-23,20.841999999999985,0.809,2024-07-23,34.0,2024-07-23,0.809
618,2024-07-23,ANACAPA_LIGHTHOUSE_REEF_W,OUTER,1,MACPYRAD,2,34.010783,-119.3725,Anacapa Island SMR,SMR,reference,2024-07-23,20.841999999999985,0.809,2024-07-23,34.0,2024-07-23,0.809
619,2024-07-23,ANACAPA_LIGHTHOUSE_REEF_W,OUTER,1,STEOSMAD,3,34.010783,-119.3725,Anacapa Island SMR,SMR,reference,2024-07-23,20.841999999999985,0.809,2024-07-23,34.0,2024-07-23,0.809
620,2024-07-23,ANACAPA_LIGHTHOUSE_REEF_W,OUTER,2,MACPYRAD,19,34.010783,-119.3725,Anacapa Island SMR,SMR,reference,2024-07-23,20.841999999999985,0.809,2024-07-23,34.0,2024-07-23,0.809
621,2024-07-23,ANACAPA_LIGHTHOUSE_REEF_W,OUTER,2,STEOSMAD,7,34.010783,-119.3725,Anacapa Island SMR,SMR,reference,2024-07-23,20.841999999999985,0.809,2024-07-23,34.0,2024-07-23,0.809
658,2024-07-29,ANACAPA_WEST_ISLE_CEN,INNER,2,EISARBAD,14,34.01641667,-119.4320167,Anacapa Island SMCA,SMCA,mpa,2024-07-29,18.90300000000002,1.29,2024-07-29,34.0,2024-07-29,1.29
659,2024-07-29,ANACAPA_WEST_ISLE_CEN,INNER,2,EISARBAD,14,34.016983,-119.432917,Anacapa Island SMCA,SMCA,mpa,2024-07-29,18.90300000000002,1.29,2024-07-29,34.0,2024-07-29,1.29
660,2024-07-29,ANACAPA_WEST_ISLE_CEN,INNER,2,EISARBADSUB,24,34.01641667,-119.4320167,Anacapa Island SMCA,SMCA,mpa,2024-07-29,18.90300000000002,1.29,2024-07-29,34.0,2024-07-29,1.29
661,2024-07-29,ANACAPA_WEST_ISLE_CEN,INNER,2,EISARBADSUB,24,34.016983,-119.432917,Anacapa Island SMCA,SMCA,mpa,2024-07-29,18.90300000000002,1.29,2024-07-29,34.0,2024-07-29,1.29
662,2024-07-29,ANACAPA_WEST_ISLE_CEN,INNER,2,LAMFAR,940,34.01641667,-119.4320167,Anacapa Island SMCA,SMCA,mpa,2024-07-29,18.90300000000002,1.29,2024-07-29,34.0,2024-07-29,1.29
663,2024-07-29,ANACAPA_WEST_ISLE_CEN,INNER,2,LAMFAR,940,34.016983,-119.432917,Anacapa Island SMCA,SMCA,mpa,2024-07-29,18.90300000000002,1.29,2024-07-29,34.0,2024-07-29,1.29
664,2024-07-29,ANACAPA_WEST_ISLE_CEN,INNER,2,MACPYRAD,94,34.01641667,-119.4320167,Anacapa Island SMCA,SMCA,mpa,2024-07-29,18.90300000000002,1.29,2024-07-29,34.0,2024-07-29,1.29
665,2024-07-29,ANACAPA_WEST_ISLE_CEN,INNER,2,MACPYRAD,94,34.016983,-119.432917,Anacapa Island SMCA,SMCA,mpa,2024-07-29,18.90300000000002,1.29,2024-07-29,34.0,2024-07-29,1.29
666,2024-07-29,ANACAPA_WEST_ISLE_CEN,OUTER,2,LAMFAR,458,34.01641667,-119.4320167,Anacapa Island SMCA,SMCA,mpa,2024-07-29,18.90300000000002,1.29,2024-07-29,34.0,2024-07-29,1.29
667,2024-07-29,ANACAPA_WEST_ISLE_CEN,OUTER,2,LAMFAR,458,34.016983,-119.432917,Anacapa Island SMCA,SMCA,mpa,2024-07-29,18.90300000000002,1.29,2024-07-29,34.0,2024-07-29,1.29
668,2024-07-29,ANACAPA_WEST_ISLE_CEN,OUTER,2,MACPYRAD,66,34.01641667,-119.4320167,Anacapa Island SMCA,SMCA,mpa,2024-07-29,18.90300000000002,1.29,2024-07-29,34.0,2024-07-29,1.29
669,2024-07-29,ANACAPA_WEST_ISLE_CEN,OUTER,2,MACPYRAD,66,34.016983,-119.432917,Anacapa Island SMCA,SMCA,mpa,2024-07-29,18.90300000000002,1.29,2024-07-29,34.0,2024-07-29,1.29
670,2024-07-30,ANACAPA_LIGHTHOUSE_REEF_E,OUTER,1,MACPYRAD,60,34.0141,-119.3590167,Anacapa Island SMR,SMR,reference,2024-07-30,19.39600000000001,1.195,2024-07-30,34.0,2024-07-30,1.195
671,2024-07-30,ANACAPA_LIGHTHOUSE_REEF_E,OUTER,1,MACPYRAD,60,34.0139,-119.3590167,Anacapa Island SMR,SMR,reference,2024-07-30,19.39600000000001,1.195,2024-07-30,34.0,2024-07-30,1.195
672,2024-07-30,ANACAPA_LIGHTHOUSE_REEF_E,OUTER,1,STEOSMAD,22,34.0141,-119.3590167,Anacapa Island SMR,SMR,reference,2024-07-30,19.39600000000001,1.195,2024-07-30,34.0,2024-07-30,1.195
673,2024-07-30,ANACAPA_LIGHTHOUSE_REEF_E,OUTER,1,STEOSMAD,22,34.0139,-119.3590167,Anacapa Island SMR,SMR,reference,2024-07-30,19.39600000000001,1.195,2024-07-30,34.0,2024-07-30,1.195
674,2024-07-30,ANACAPA_LIGHTHOUSE_REEF_E,OUTER,2,LAMFAR,12,34.0141,-119.3590167,Anacapa Island SMR,SMR,reference,2024-07-30,19.39600000000001,1.195,2024-07-30,34.0,2024-07-30,1.195
675,2024-07-30,ANACAPA_LIGHTHOUSE_REEF_E,OUTER,2,LAMFAR,12,34.0139,-119.3590167,Anacapa Island SMR,SMR,reference,2024-07-30,19.39600000000001,1.195,2024-07-30,34.0,2024-07-30,1.195
676,2024-07-30,ANACAPA_LIGHTHOUSE_REEF_E,OUTER,2,MACPYRAD,40,34.0141,-119.3590167,Anacapa Island SMR,SMR,reference,2024-07-30,19.39600000000001,1.195,2024-07-30,34.0,2024-07-30,1.195
677,2024-07-30,ANACAPA_LIGHTHOUSE_REEF_E,OUTER,2,MACPYRAD,40,34.0139,-119.3590167,Anacapa Island SMR,SMR,reference,2024-07-30,19.39600000000001,1.195,2024-07-30,34.0,2024-07-30,1.195
678,2024-07-30,ANACAPA_LIGHTHOUSE_REEF_E,OUTER,2,STEOSMAD,24,34.0141,-119.3590167,Anacapa Island SMR,SMR,reference,2024-07-30,19.39600000000001,1.195,2024-07-30,34.0,2024-07-30,1.195
679,2024-07-30,ANACAPA_LIGHTHOUSE_REEF_E,OUTER,2,STEOSMAD,24,34.0139,-119.3590167,Anacapa Island SMR,SMR,reference,2024-07-30,19.39600000000001,1.195,2024-07-30,34.0,2024-07-30,1.195
818,2024-07-31,SCI_VALLEY_W,OUTER,1,MACPYRAD,13,33.9817,-119.6637,,,,2024-07-31,19.09899999999999,1.05,2024-07-31,34.0,2024-07-31,1.05
819,2024-07-31,SCI_VALLEY_W,OUTER,1,STEOSMAD,75,33.9817,-119.6637,,,,2024-07-31,19.09899999999999,1.05,2024-07-31,34.0,2024-07-31,1.05
820,2024-07-31,SCI_VALLEY_W,OUTER,2,MACPYRAD,14,33.9817,-119.6637,,,,2024-07-31,19.09899999999999,1.05,2024-07-31,34.0,2024-07-31,1.05
821,2024-07-31,SCI_VALLEY_W,OUTER,2,STEOSMAD,157,33.9817,-119.6637,,,,2024-07-31,19.09899999999999,1.05,2024-07-31,34.0,2024-07-31,1.05
908,2024-08-01,SCI_PELICAN_CEN,INNER,1,MACPYRAD,32,34.03065,-119.69665,Scorpion SMR,SMR,reference,2024-08-01,18.79000000000002,0.901,2024-08-01,34.0,2024-08-01,0.901
909,2024-08-01,SCI_PELICAN_CEN,INNER,2,EISARBADSUB,4,34.03065,-119.69665,Scorpion SMR,SMR,reference,2024-08-01,18.79000000000002,0.901,2024-08-01,34.0,2024-08-01,0.901
910,2024-08-01,SCI_PELICAN_CEN,INNER,2,MACPYRAD,42,34.03065,-119.69665,Scorpion SMR,SMR,reference,2024-08-01,18.79000000000002,0.901,2024-08-01,34.0,2024-08-01,0.901
911,2024-08-01,SCI_PELICAN_CEN,OUTER,2,MACPYRAD,2,34.03065,-119.69665,Scorpion SMR,SMR,reference,2024-08-01,18.79000000000002,0.901,2024-08-01,34.0,2024-08-01,0.901
912,2024-08-02,ANACAPA_ADMIRALS_CEN,INNER,1,MACPYRAD,36,34.002883,-119.4252,Anacapa Island SMCA,SMCA,reference,2024-08-02,19.23399999999998,0.864,2024-08-02,34.0,2024-08-02,0.864
913,2024-08-02,ANACAPA_ADMIRALS_CEN,INNER,1,STEOSMAD,7,34.002883,-119.4252,Anacapa Island SMCA,SMCA,reference,2024-08-02,19.23399999999998,0.864,2024-08-02,34.0,2024-08-02,0.864
914,2024-08-02,ANACAPA_ADMIRALS_CEN,INNER,2,EISARBADSUB,4,34.002883,-119.4252,Anacapa Island SMCA,SMCA,reference,2024-08-02,19.23399999999998,0.864,2024-08-02,34.0,2024-08-02,0.864
915,2024-08-02,ANACAPA_ADMIRALS_CEN,INNER,2,MACPYRAD,38,34.002883,-119.4252,Anacapa Island SMCA,SMCA,reference,2024-08-02,19.23399999999998,0.864,2024-08-02,34.0,2024-08-02,0.864
916,2024-08-02,ANACAPA_ADMIRALS_CEN,INNER,2,STEOSMAD,40,34.002883,-119.4252,Anacapa Island SMCA,SMCA,reference,2024-08-02,19.23399999999998,0.864,2024-08-02,34.0,2024-08-02,0.864
917,2024-08-02,ANACAPA_ADMIRALS_CEN,OUTER,1,MACPYRAD,16,34.002883,-119.4252,Anacapa Island SMCA,SMCA,reference,2024-08-02,19.23399999999998,0.864,2024-08-02,34.0,2024-08-02,0.864
918,2024-08-02,ANACAPA_ADMIRALS_CEN,OUTER,1,STEOSMAD,3,34.002883,-119.4252,Anacapa Island SMCA,SMCA,reference,2024-08-02,19.23399999999998,0.864,2024-08-02,34.0,2024-08-02,0.864
919,2024-08-02,ANACAPA_ADMIRALS_CEN,OUTER,1,UNDPIN,2,34.002883,-119.4252,Anacapa Island SMCA,SMCA,reference,2024-08-02,19.23399999999998,0.864,2024-08-02,34.0,2024-08-02,0.864
920,2024-08-02,ANACAPA_ADMIRALS_CEN,OUTER,2,EISARBADSUB,2,34.002883,-119.4252,Anacapa Island SMCA,SMCA,reference,2024-08-02,19.23399999999998,0.864,2024-08-02,34.0,2024-08-02,0.864
921,2024-08-02,ANACAPA_ADMIRALS_CEN,OUTER,2,MACPYRAD,4,34.002883,-119.4252,Anacapa Island SMCA,SMCA,reference,2024-08-02,19.23399999999998,0.864,2024-08-02,34.0,2024-08-02,0.864
922,2024-08-02,ANACAPA_ADMIRALS_CEN,OUTER,2,UNDPIN,3,34.002883,-119.4252,Anacapa Island SMCA,SMCA,reference,2024-08-02,19.23399999999998,0.864,2024-08-02,34.0,2024-08-02,0.864
923,2024-08-02,ANACAPA_ADMIRALS_E,INNER,1,LAMFAR,6,34.003433,-119.418,Anacapa Island SMCA,SMCA,reference,2024-08-02,19.185,0.864,2024-08-02,34.0,2024-08-02,0.864
924,2024-08-02,ANACAPA_ADMIRALS_E,INNER,1,MACPYRAD,35,34.003433,-119.418,Anacapa Island SMCA,SMCA,reference,2024-08-02,19.185,0.864,2024-08-02,34.0,2024-08-02,0.864
925,2024-08-02,ANACAPA_ADMIRALS_E,INNER,1,STEOSMAD,161,34.003433,-119.418,Anacapa Island SMCA,SMCA,reference,2024-08-02,19.185,0.864,2024-08-02,34.0,2024-08-02,0.864
926,2024-08-02,ANACAPA_ADMIRALS_E,INNER,2,LAMFAR,20,34.003433,-119.418,Anacapa Island SMCA,SMCA,reference,2024-08-02,19.185,0.864,2024-08-02,34.0,2024-08-02,0.864
927,2024-08-02,ANACAPA_ADMIRALS_E,INNER,2,MACPYRAD,24,34.003433,-119.418,Anacapa Island SMCA,SMCA,reference,2024-08-02,19.185,0.864,2024-08-02,34.0,2024-08-02,0.864
928,2024-08-02,ANACAPA_ADMIRALS_E,INNER,2,STEOSMAD,104,34.003433,-119.418,Anacapa Island SMCA,SMCA,reference,2024-08-02,19.185,0.864,2024-08-02,34.0,2024-08-02,0.864
929,2024-08-02,ANACAPA_ADMIRALS_W,INNER,1,EISARBAD,1,34.00775,-119.434383,Anacapa Island SMCA,SMCA,reference,2024-08-02,19.158000000000012,0.864,2024-08-02,34.0,2024-08-02,0.864
930,2024-08-02,ANACAPA_ADMIRALS_W,INNER,1,EISARBADSUB,4,34.00775,-119.434383,Anacapa Island SMCA,SMCA,reference,2024-08-02,19.158000000000012,0.864,2024-08-02,34.0,2024-08-02,0.864
931,2024-08-02,ANACAPA_ADMIRALS_W,INNER,1,MACPYRAD,40,34.00775,-119.434383,Anacapa Island SMCA,SMCA,reference,2024-08-02,19.158000000000012,0.864,2024-08-02,34.0,2024-08-02,0.864
932,2024-08-02,ANACAPA_ADMIRALS_W,INNER,1,STEOSMAD,15,34.00775,-119.434383,Anacapa Island SMCA,SMCA,reference,2024-08-02,19.158000000000012,0.864,2024-08-02,34.0,2024-08-02,0.864
933,2024-08-02,ANACAPA_ADMIRALS_W,INNER,2,MACPYRAD,51,34.00775,-119.434383,Anacapa Island SMCA,SMCA,reference,2024-08-02,19.158000000000012,0.864,2024-08-02,34.0,2024-08-02,0.864
934,2024-08-02,ANACAPA_ADMIRALS_W,INNER,2,STEOSMAD,7,34.00775,-119.434383,Anacapa Island SMCA,SMCA,reference,2024-08-02,19.158000000000012,0.864,2024-08-02,34.0,2024-08-02,0.864
935,2024-08-02,ANACAPA_EAST_FISH_CAMP_CEN,INNER,1,EISARBADSUB,1,34.001583,-119.398067,Anacapa Island SMR,SMR,reference,2024-08-02,19.093000000000018,0.864,2024-08-02,34.0,2024-08-02,0.864
936,2024-08-02,ANACAPA_EAST_FISH_CAMP_CEN,INNER,1,LAMFAR,1,34.001583,-119.398067,Anacapa Island SMR,SMR,reference,2024-08-02,19.093000000000018,0.864,2024-08-02,34.0,2024-08-02,0.864
937,2024-08-02,ANACAPA_EAST_FISH_CAMP_CEN,INNER,1,MACPYRAD,120,34.001583,-119.398067,Anacapa Island SMR,SMR,reference,2024-08-02,19.093000000000018,0.864,2024-08-02,34.0,2024-08-02,0.864
938,2024-08-02,ANACAPA_EAST_FISH_CAMP_CEN,INNER,1,STEOSMAD,85,34.001583,-119.398067,Anacapa Island SMR,SMR,reference,2024-08-02,19.093000000000018,0.864,2024-08-02,34.0,2024-08-02,0.864
939,2024-08-02,ANACAPA_EAST_FISH_CAMP_CEN,INNER,2,EISARBAD,21,34.001583,-119.398067,Anacapa Island SMR,SMR,reference,2024-08-02,19.093000000000018,0.864,2024-08-02,34.0,2024-08-02,0.864
940,2024-08-02,ANACAPA_EAST_FISH_CAMP_CEN,INNER,2,EISARBADSUB,47,34.001583,-119.398067,Anacapa Island SMR,SMR,reference,2024-08-02,19.093000000000018,0.864,2024-08-02,34.0,2024-08-02,0.864
941,2024-08-02,ANACAPA_EAST_FISH_CAMP_CEN,INNER,2,LAMFAR,2,34.001583,-119.398067,Anacapa Island SMR,SMR,reference,2024-08-02,19.093000000000018,0.864,2024-08-02,34.0,2024-08-02,0.864
942,2024-08-02,ANACAPA_EAST_FISH_CAMP_CEN,INNER,2,MACPYRAD,77,34.001583,-119.398067,Anacapa Island SMR,SMR,reference,2024-08-02,19.093000000000018,0.864,2024-08-02,34.0,2024-08-02,0.864
943,2024-08-02,ANACAPA_EAST_FISH_CAMP_CEN,INNER,2,STEOSMAD,402,34.001583,-119.398067,Anacapa Island SMR,SMR,reference,2024-08-02,19.093000000000018,0.864,2024-08-02,34.0,2024-08-02,0.864
944,2024-08-02,ANACAPA_EAST_FISH_CAMP_W,INNER,1,MACPYRAD,22,34.003083,-119.404167,Anacapa Island SMR,SMR,reference,2024-08-02,19.093000000000018,0.864,2024-08-02,34.0,2024-08-02,0.864
945,2024-08-02,ANACAPA_EAST_FISH_CAMP_W,INNER,1,STEOSMAD,28,34.003083,-119.404167,Anacapa Island SMR,SMR,reference,2024-08-02,19.093000000000018,0.864,2024-08-02,34.0,2024-08-02,0.864
946,2024-08-02,ANACAPA_EAST_FISH_CAMP_W,INNER,2,LAMFAR,20,34.003083,-119.404167,Anacapa Island SMR,SMR,reference,2024-08-02,19.093000000000018,0.864,2024-08-02,34.0,2024-08-02,0.864
947,2024-08-02,ANACAPA_EAST_FISH_CAMP_W,INNER,2,MACPYRAD,63,34.003083,-119.404167,Anacapa Island SMR,SMR,reference,2024-08-02,19.093000000000018,0.864,2024-08-02,34.0,2024-08-02,0.864
948,2024-08-02,ANACAPA_EAST_FISH_CAMP_W,INNER,2,STEOSMAD,214,34.003083,-119.404167,Anacapa Island SMR,SMR,reference,2024-08-02,19.093000000000018,0.864,2024-08-02,34.0,2024-08-02,0.864
949,2024-08-02,ANACAPA_LIGHTHOUSE_REEF_CEN,INNER,1,EISARBADSUB,5,34.012783,-119.363133,Anacapa Island SMR,SMR,reference,2024-08-02,18.87299999999999,0.864,2024-08-02,34.0,2024-08-02,0.864
950,2024-08-02,ANACAPA_LIGHTHOUSE_REEF_CEN,INNER,1,MACPYRAD,14,34.012783,-119.363133,Anacapa Island SMR,SMR,reference,2024-08-02,18.87299999999999,0.864,2024-08-02,34.0,2024-08-02,0.864
951,2024-08-02,ANACAPA_LIGHTHOUSE_REEF_CEN,INNER,1,STEOSMAD,10,34.012783,-119.363133,Anacapa Island SMR,SMR,reference,2024-08-02,18.87299999999999,0.864,2024-08-02,34.0,2024-08-02,0.864
952,2024-08-02,ANACAPA_LIGHTHOUSE_REEF_CEN,INNER,2,MACPYRAD,31,34.012783,-119.363133,Anacapa Island SMR,SMR,reference,2024-08-02,18.87299999999999,0.864,2024-08-02,34.0,2024-08-02,0.864
953,2024-08-02,ANACAPA_LIGHTHOUSE_REEF_CEN,INNER,2,STEOSMAD,21,34.012783,-119.363133,Anacapa Island SMR,SMR,reference,2024-08-02,18.87299999999999,0.864,2024-08-02,34.0,2024-08-02,0.864
954,2024-08-02,ANACAPA_LIGHTHOUSE_REEF_E,INNER,1,EISARBADSUB,2,34.0141,-119.3590167,Anacapa Island SMR,SMR,reference,2024-08-02,18.87299999999999,0.864,2024-08-02,34.0,2024-08-02,0.864
955,2024-08-02,ANACAPA_LIGHTHOUSE_REEF_E,INNER,1,EISARBADSUB,2,34.0139,-119.3590167,Anacapa Island SMR,SMR,reference,2024-08-02,18.87299999999999,0.864,2024-08-02,34.0,2024-08-02,0.864
956,2024-08-02,ANACAPA_LIGHTHOUSE_REEF_E,INNER,1,MACPYRAD,18,34.0141,-119.3590167,Anacapa Island SMR,SMR,reference,2024-08-02,18.87299999999999,0.864,2024-08-02,34.0,2024-08-02,0.864
957,2024-08-02,ANACAPA_LIGHTHOUSE_REEF_E,INNER,1,MACPYRAD,18,34.0139,-119.3590167,Anacapa Island SMR,SMR,reference,2024-08-02,18.87299999999999,0.864,2024-08-02,34.0,2024-08-02,0.864
958,2024-08-02,ANACAPA_LIGHTHOUSE_REEF_E,INNER,1,STEOSMAD,6,34.0141,-119.3590167,Anacapa Island SMR,SMR,reference,2024-08-02,18.87299999999999,0.864,2024-08-02,34.0,2024-08-02,0.864
959,2024-08-02,ANACAPA_LIGHTHOUSE_REEF_E,INNER,1,STEOSMAD,6,34.0139,-119.3590167,Anacapa Island SMR,SMR,reference,2024-08-02,18.87299999999999,0.864,2024-08-02,34.0,2024-08-02,0.864
960,2024-08-02,ANACAPA_LIGHTHOUSE_REEF_E,INNER,2,EISARBADSUB,6,34.0141,-119.3590167,Anacapa Island SMR,SMR,reference,2024-08-02,18.87299999999999,0.864,2024-08-02,34.0,2024-08-02,0.864
961,2024-08-02,ANACAPA_LIGHTHOUSE_REEF_E,INNER,2,EISARBADSUB,6,34.0139,-119.3590167,Anacapa Island SMR,SMR,reference,2024-08-02,18.87299999999999,0.864,2024-08-02,34.0,2024-08-02,0.864
962,2024-08-02,ANACAPA_LIGHTHOUSE_REEF_E,INNER,2,MACPYRAD,98,34.0141,-119.3590167,Anacapa Island SMR,SMR,reference,2024-08-02,18.87299999999999,0.864,2024-08-02,34.0,2024-08-02,0.864
963,2024-08-02,ANACAPA_LIGHTHOUSE_REEF_E,INNER,2,MACPYRAD,98,34.0139,-119.3590167,Anacapa Island SMR,SMR,reference,2024-08-02,18.87299999999999,0.864,2024-08-02,34.0,2024-08-02,0.864
964,2024-08-02,ANACAPA_LIGHTHOUSE_REEF_E,INNER,2,STEOSMAD,28,34.0141,-119.3590167,Anacapa Island SMR,SMR,reference,2024-08-02,18.87299999999999,0.864,2024-08-02,34.0,2024-08-02,0.864
965,2024-08-02,ANACAPA_LIGHTHOUSE_REEF_E,INNER,2,STEOSMAD,28,34.0139,-119.3590167,Anacapa Island SMR,SMR,reference,2024-08-02,18.87299999999999,0.864,2024-08-02,34.0,2024-08-02,0.864
1145,2024-08-13,SCI_YELLOWBANKS_W,MID,1,LAMFAR,22,33.98983333,-119.5630667,,,reference,2024-08-13,18.975000000000023,0.818,2024-08-13,34.0,2024-08-13,0.818
1146,2024-08-13,SCI_YELLOWBANKS_W,MID,1,LAMFAR,22,33.9893,-119.564933,,,,2024-08-13,18.975000000000023,0.818,2024-08-13,34.0,2024-08-13,0.818
1147,2024-08-13,SCI_YELLOWBANKS_W,MID,1,MACPYRAD,12,33.98983333,-119.5630667,,,reference,2024-08-13,18.975000000000023,0.818,2024-08-13,34.0,2024-08-13,0.818
1148,2024-08-13,SCI_YELLOWBANKS_W,MID,1,MACPYRAD,12,33.9893,-119.564933,,,,2024-08-13,18.975000000000023,0.818,2024-08-13,34.0,2024-08-13,0.818
1149,2024-08-13,SCI_YELLOWBANKS_W,MID,1,PTECALADSUB,138,33.98983333,-119.5630667,,,reference,2024-08-13,18.975000000000023,0.818,2024-08-13,34.0,2024-08-13,0.818
1150,2024-08-13,SCI_YELLOWBANKS_W,MID,1,PTECALADSUB,138,33.9893,-119.564933,,,,2024-08-13,18.975000000000023,0.818,2024-08-13,34.0,2024-08-13,0.818
1151,2024-08-13,SCI_YELLOWBANKS_W,MID,1,STEOSMAD,34,33.98983333,-119.5630667,,,reference,2024-08-13,18.975000000000023,0.818,2024-08-13,34.0,2024-08-13,0.818
1152,2024-08-13,SCI_YELLOWBANKS_W,MID,1,STEOSMAD,34,33.9893,-119.564933,,,,2024-08-13,18.975000000000023,0.818,2024-08-13,34.0,2024-08-13,0.818
1153,2024-08-13,SCI_YELLOWBANKS_W,MID,2,LAMFAR,30,33.98983333,-119.5630667,,,reference,2024-08-13,18.975000000000023,0.818,2024-08-13,34.0,2024-08-13,0.818
1154,2024-08-13,SCI_YELLOWBANKS_W,MID,2,LAMFAR,30,33.9893,-119.564933,,,,2024-08-13,18.975000000000023,0.818,2024-08-13,34.0,2024-08-13,0.818
1155,2024-08-13,SCI_YELLOWBANKS_W,MID,2,MACPYRAD,8,33.98983333,-119.5630667,,,reference,2024-08-13,18.975000000000023,0.818,2024-08-13,34.0,2024-08-13,0.818
1156,2024-08-13,SCI_YELLOWBANKS_W,MID,2,MACPYRAD,8,33.9893,-119.564933,,,,2024-08-13,18.975000000000023,0.818,2024-08-13,34.0,2024-08-13,0.818
1157,2024-08-13,SCI_YELLOWBANKS_W,MID,2,PTECALAD,80,33.98983333,-119.5630667,,,reference,2024-08-13,18.975000000000023,0.818,2024-08-13,34.0,2024-08-13,0.818
1158,2024-08-13,SCI_YELLOWBANKS_W,MID,2,PTECALAD,80,33.9893,-119.564933,,,,2024-08-13,18.975000000000023,0.818,2024-08-13,34.0,2024-08-13,0.818
1159,2024-08-13,SCI_YELLOWBANKS_W,MID,2,PTECALADSUB,110,33.98983333,-119.5630667,,,reference,2024-08-13,18.975000000000023,0.818,2024-08-13,34.0,2024-08-13,0.818
1160,2024-08-13,SCI_YELLOWBANKS_W,MID,2,PTECALADSUB,110,33.9893,-119.564933,,,,2024-08-13,18.975000000000023,0.818,2024-08-13,34.0,2024-08-13,0.818
1161,2024-08-13,SCI_YELLOWBANKS_W,MID,2,STEOSMAD,30,33.98983333,-119.5630667,,,reference,2024-08-13,18.975000000000023,0.818,2024-08-13,34.0,2024-08-13,0.818
1162,2024-08-13,SCI_YELLOWBANKS_W,MID,2,STEOSMAD,30,33.9893,-119.564933,,,,2024-08-13,18.975000000000023,0.818,2024-08-13,34.0,2024-08-13,0.818
1169,2024-08-16,ANACAPA_ADMIRALS_E,OUTER,1,MACPYRAD,5,34.003433,-119.418,Anacapa Island SMCA,SMCA,reference,2024-08-16,20.31599999999997,1.005,2024-08-16,34.0,2024-08-16,1.005
1170,2024-08-16,ANACAPA_ADMIRALS_E,OUTER,1,STEOSMAD,28,34.003433,-119.418,Anacapa Island SMCA,SMCA,reference,2024-08-16,20.31599999999997,1.005,2024-08-16,34.0,2024-08-16,1.005
1171,2024-08-16,ANACAPA_ADMIRALS_E,OUTER,2,MACPYRAD,4,34.003433,-119.418,Anacapa Island SMCA,SMCA,reference,2024-08-16,20.31599999999997,1.005,2024-08-16,34.0,2024-08-16,1.005
1172,2024-08-16,ANACAPA_ADMIRALS_E,OUTER,2,STEOSMAD,6,34.003433,-119.418,Anacapa Island SMCA,SMCA,reference,2024-08-16,20.31599999999997,1.005,2024-08-16,34.0,2024-08-16,1.005
1173,2024-08-16,ANACAPA_ADMIRALS_W,OUTER,1,EISARBADSUB,1,34.00775,-119.434383,Anacapa Island SMCA,SMCA,reference,2024-08-16,20.291999999999973,1.005,2024-08-16,34.0,2024-08-16,1.005
1174,2024-08-16,ANACAPA_ADMIRALS_W,OUTER,1,MACPYRAD,2,34.00775,-119.434383,Anacapa Island SMCA,SMCA,reference,2024-08-16,20.291999999999973,1.005,2024-08-16,34.0,2024-08-16,1.005
1178,2024-08-20,SCI_COCHE_POINT_E,INNER,1,EISARBADSUB,48,34.04493333,-119.6014,Scorpion SMR,SMR,reference,2024-08-20,19.670999999999992,1.032,2024-08-20,34.0,2024-08-20,1.032
1179,2024-08-20,SCI_COCHE_POINT_E,INNER,1,EISARBADSUB,48,34.044933,-119.6014,Scorpion SMR,SMR,reference,2024-08-20,19.670999999999992,1.032,2024-08-20,34.0,2024-08-20,1.032
1180,2024-08-20,SCI_COCHE_POINT_E,INNER,1,MACPYRAD,2,34.04493333,-119.6014,Scorpion SMR,SMR,reference,2024-08-20,19.670999999999992,1.032,2024-08-20,34.0,2024-08-20,1.032
1181,2024-08-20,SCI_COCHE_POINT_E,INNER,1,MACPYRAD,2,34.044933,-119.6014,Scorpion SMR,SMR,reference,2024-08-20,19.670999999999992,1.032,2024-08-20,34.0,2024-08-20,1.032
1182,2024-08-20,SCI_COCHE_POINT_E,INNER,2,EISARBAD,32,34.04493333,-119.6014,Scorpion SMR,SMR,reference,2024-08-20,19.670999999999992,1.032,2024-08-20,34.0,2024-08-20,1.032
1183,2024-08-20,SCI_COCHE_POINT_E,INNER,2,EISARBAD,32,34.044933,-119.6014,Scorpion SMR,SMR,reference,2024-08-20,19.670999999999992,1.032,2024-08-20,34.0,2024-08-20,1.032
1184,2024-08-20,SCI_COCHE_POINT_E,INNER,2,EISARBADSUB,58,34.04493333,-119.6014,Scorpion SMR,SMR,reference,2024-08-20,19.670999999999992,1.032,2024-08-20,34.0,2024-08-20,1.032
1185,2024-08-20,SCI_COCHE_POINT_E,INNER,2,EISARBADSUB,58,34.044933,-119.6014,Scorpion SMR,SMR,reference,2024-08-20,19.670999999999992,1.032,2024-08-20,34.0,2024-08-20,1.032
1186,2024-08-20,SCI_COCHE_POINT_E,MID,1,EISARBADSUB,2,34.04493333,-119.6014,Scorpion SMR,SMR,reference,2024-08-20,19.670999999999992,1.032,2024-08-20,34.0,2024-08-20,1.032
1187,2024-08-20,SCI_COCHE_POINT_E,MID,1,EISARBADSUB,2,34.044933,-119.6014,Scorpion SMR,SMR,reference,2024-08-20,19.670999999999992,1.032,2024-08-20,34.0,2024-08-20,1.032
1188,2024-08-20,SCI_COCHE_POINT_E,MID,1,MACPYRAD,2,34.04493333,-119.6014,Scorpion SMR,SMR,reference,2024-08-20,19.670999999999992,1.032,2024-08-20,34.0,2024-08-20,1.032
1189,2024-08-20,SCI_COCHE_POINT_E,MID,1,MACPYRAD,2,34.044933,-119.6014,Scorpion SMR,SMR,reference,2024-08-20,19.670999999999992,1.032,2024-08-20,34.0,2024-08-20,1.032
1190,2024-08-20,SCI_COCHE_POINT_E,MID,2,EISARBADSUB,16,34.04493333,-119.6014,Scorpion SMR,SMR,reference,2024-08-20,19.670999999999992,1.032,2024-08-20,34.0,2024-08-20,1.032
1191,2024-08-20,SCI_COCHE_POINT_E,MID,2,EISARBADSUB,16,34.044933,-119.6014,Scorpion SMR,SMR,reference,2024-08-20,19.670999999999992,1.032,2024-08-20,34.0,2024-08-20,1.032
1201,2024-08-21,SCI_LITTLE_SCORPION_E,INNER,1,EISARBAD,2,34.0434,-119.535733,Scorpion SMR,SMR,reference,2024-08-21,19.817999999999984,0.874,2024-08-21,34.0,2024-08-21,0.874
1202,2024-08-21,SCI_LITTLE_SCORPION_E,INNER,1,EISARBADSUB,72,34.0434,-119.535733,Scorpion SMR,SMR,reference,2024-08-21,19.817999999999984,0.874,2024-08-21,34.0,2024-08-21,0.874
1203,2024-08-21,SCI_LITTLE_SCORPION_E,INNER,1,MACPYRAD,10,34.0434,-119.535733,Scorpion SMR,SMR,reference,2024-08-21,19.817999999999984,0.874,2024-08-21,34.0,2024-08-21,0.874
1204,2024-08-21,SCI_LITTLE_SCORPION_E,INNER,2,EISARBADSUB,14,34.0434,-119.535733,Scorpion SMR,SMR,reference,2024-08-21,19.817999999999984,0.874,2024-08-21,34.0,2024-08-21,0.874
1205,2024-08-21,SCI_LITTLE_SCORPION_E,MID,1,EISARBADSUB,11,34.0434,-119.535733,Scorpion SMR,SMR,reference,2024-08-21,19.817999999999984,0.874,2024-08-21,34.0,2024-08-21,0.874
1206,2024-08-21,SCI_LITTLE_SCORPION_E,MID,1,MACPYRAD,3,34.0434,-119.535733,Scorpion SMR,SMR,reference,2024-08-21,19.817999999999984,0.874,2024-08-21,34.0,2024-08-21,0.874
1207,2024-08-21,SCI_LITTLE_SCORPION_E,MID,1,UNDPIN,3,34.0434,-119.535733,Scorpion SMR,SMR,reference,2024-08-21,19.817999999999984,0.874,2024-08-21,34.0,2024-08-21,0.874
1224,2024-08-22,SCI_YELLOWBANKS_CEN,INNER,1,LAMFAR,3,33.988533,-119.546983,,,,2024-08-22,19.119000000000028,0.937,2024-08-22,34.0,2024-08-22,0.937
1225,2024-08-22,SCI_YELLOWBANKS_CEN,INNER,1,MACPYRAD,32,33.988533,-119.546983,,,,2024-08-22,19.119000000000028,0.937,2024-08-22,34.0,2024-08-22,0.937
1226,2024-08-22,SCI_YELLOWBANKS_CEN,INNER,1,PTECALAD,8,33.988533,-119.546983,,,,2024-08-22,19.119000000000028,0.937,2024-08-22,34.0,2024-08-22,0.937
1227,2024-08-22,SCI_YELLOWBANKS_CEN,INNER,1,PTECALADSUB,407,33.988533,-119.546983,,,,2024-08-22,19.119000000000028,0.937,2024-08-22,34.0,2024-08-22,0.937
1228,2024-08-22,SCI_YELLOWBANKS_CEN,INNER,1,STEOSMAD,48,33.988533,-119.546983,,,,2024-08-22,19.119000000000028,0.937,2024-08-22,34.0,2024-08-22,0.937
1229,2024-08-22,SCI_YELLOWBANKS_CEN,INNER,2,LAMFAR,19,33.988533,-119.546983,,,,2024-08-22,19.119000000000028,0.937,2024-08-22,34.0,2024-08-22,0.937
1230,2024-08-22,SCI_YELLOWBANKS_CEN,INNER,2,MACPYRAD,103,33.988533,-119.546983,,,,2024-08-22,19.119000000000028,0.937,2024-08-22,34.0,2024-08-22,0.937
1231,2024-08-22,SCI_YELLOWBANKS_CEN,INNER,2,PTECALAD,25,33.988533,-119.546983,,,,2024-08-22,19.119000000000028,0.937,2024-08-22,34.0,2024-08-22,0.937
1232,2024-08-22,SCI_YELLOWBANKS_CEN,INNER,2,PTECALADSUB,332,33.988533,-119.546983,,,,2024-08-22,19.119000000000028,0.937,2024-08-22,34.0,2024-08-22,0.937
1233,2024-08-22,SCI_YELLOWBANKS_CEN,INNER,2,STEOSMAD,44,33.988533,-119.546983,,,,2024-08-22,19.119000000000028,0.937,2024-08-22,34.0,2024-08-22,0.937
1234,2024-08-22,SCI_YELLOWBANKS_CEN,OUTER,1,EISARBAD,1,33.988533,-119.546983,,,,2024-08-22,19.119000000000028,0.937,2024-08-22,34.0,2024-08-22,0.937
1235,2024-08-22,SCI_YELLOWBANKS_CEN,OUTER,1,EISARBADSUB,2,33.988533,-119.546983,,,,2024-08-22,19.119000000000028,0.937,2024-08-22,34.0,2024-08-22,0.937
1236,2024-08-22,SCI_YELLOWBANKS_CEN,OUTER,1,MACPYRAD,11,33.988533,-119.546983,,,,2024-08-22,19.119000000000028,0.937,2024-08-22,34.0,2024-08-22,0.937
1237,2024-08-22,SCI_YELLOWBANKS_CEN,OUTER,1,PTECALADSUB,14,33.988533,-119.546983,,,,2024-08-22,19.119000000000028,0.937,2024-08-22,34.0,2024-08-22,0.937
1238,2024-08-22,SCI_YELLOWBANKS_CEN,OUTER,1,STEOSMAD,1,33.988533,-119.546983,,,,2024-08-22,19.119000000000028,0.937,2024-08-22,34.0,2024-08-22,0.937
1239,2024-08-22,SCI_YELLOWBANKS_CEN,OUTER,2,MACPYRAD,3,33.988533,-119.546983,,,,2024-08-22,19.119000000000028,0.937,2024-08-22,34.0,2024-08-22,0.937
1240,2024-08-22,SCI_YELLOWBANKS_CEN,OUTER,2,PTECALAD,8,33.988533,-119.546983,,,,2024-08-22,19.119000000000028,0.937,2024-08-22,34.0,2024-08-22,0.937
1241,2024-08-22,SCI_YELLOWBANKS_W,INNER,1,LAMFAR,36,33.98983333,-119.5630667,,,reference,2024-08-22,19.103999999999985,0.937,2024-08-22,34.0,2024-08-22,0.937
1242,2024-08-22,SCI_YELLOWBANKS_W,INNER,1,LAMFAR,36,33.9893,-119.564933,,,,2024-08-22,19.103999999999985,0.937,2024-08-22,34.0,2024-08-22,0.937
1243,2024-08-22,SCI_YELLOWBANKS_W,INNER,1,MACPYRAD,20,33.98983333,-119.5630667,,,reference,2024-08-22,19.103999999999985,0.937,2024-08-22,34.0,2024-08-22,0.937
1244,2024-08-22,SCI_YELLOWBANKS_W,INNER,1,MACPYRAD,20,33.9893,-119.564933,,,,2024-08-22,19.103999999999985,0.937,2024-08-22,34.0,2024-08-22,0.937
1245,2024-08-22,SCI_YELLOWBANKS_W,INNER,1,PTECALAD,204,33.98983333,-119.5630667,,,reference,2024-08-22,19.103999999999985,0.937,2024-08-22,34.0,2024-08-22,0.937
1246,2024-08-22,SCI_YELLOWBANKS_W,INNER,1,PTECALAD,204,33.9893,-119.564933,,,,2024-08-22,19.103999999999985,0.937,2024-08-22,34.0,2024-08-22,0.937
1247,2024-08-22,SCI_YELLOWBANKS_W,INNER,1,PTECALADSUB,554,33.98983333,-119.5630667,,,reference,2024-08-22,19.103999999999985,0.937,2024-08-22,34.0,2024-08-22,0.937
1248,2024-08-22,SCI_YELLOWBANKS_W,INNER,1,PTECALADSUB,554,33.9893,-119.564933,,,,2024-08-22,19.103999999999985,0.937,2024-08-22,34.0,2024-08-22,0.937
1249,2024-08-22,SCI_YELLOWBANKS_W,INNER,1,STEOSMAD,54,33.98983333,-119.5630667,,,reference,2024-08-22,19.103999999999985,0.937,2024-08-22,34.0,2024-08-22,0.937
1250,2024-08-22,SCI_YELLOWBANKS_W,INNER,1,STEOSMAD,54,33.9893,-119.564933,,,,2024-08-22,19.103999999999985,0.937,2024-08-22,34.0,2024-08-22,0.937
1251,2024-08-22,SCI_YELLOWBANKS_W,INNER,2,LAMFAR,16,33.98983333,-119.5630667,,,reference,2024-08-22,19.103999999999985,0.937,2024-08-22,34.0,2024-08-22,0.937
1252,2024-08-22,SCI_YELLOWBANKS_W,INNER,2,LAMFAR,16,33.9893,-119.564933,,,,2024-08-22,19.103999999999985,0.937,2024-08-22,34.0,2024-08-22,0.937
1253,2024-08-22,SCI_YELLOWBANKS_W,INNER,2,MACPYRAD,2,33.98983333,-119.5630667,,,reference,2024-08-22,19.103999999999985,0.937,2024-08-22,34.0,2024-08-22,0.937
1254,2024-08-22,SCI_YELLOWBANKS_W,INNER,2,MACPYRAD,2,33.9893,-119.564933,,,,2024-08-22,19.103999999999985,0.937,2024-08-22,34.0,2024-08-22,0.937
1255,2024-08-22,SCI_YELLOWBANKS_W,INNER,2,PTECALAD,228,33.98983333,-119.5630667,,,reference,2024-08-22,19.103999999999985,0.937,2024-08-22,34.0,2024-08-22,0.937
1256,2024-08-22,SCI_YELLOWBANKS_W,INNER,2,PTECALAD,228,33.9893,-119.564933,,,,2024-08-22,19.103999999999985,0.937,2024-08-22,34.0,2024-08-22,0.937
1257,2024-08-22,SCI_YELLOWBANKS_W,INNER,2,PTECALADSUB,558,33.98983333,-119.5630667,,,reference,2024-08-22,19.103999999999985,0.937,2024-08-22,34.0,2024-08-22,0.937
1258,2024-08-22,SCI_YELLOWBANKS_W,INNER,2,PTECALADSUB,558,33.9893,-119.564933,,,,2024-08-22,19.103999999999985,0.937,2024-08-22,34.0,2024-08-22,0.937
1259,2024-08-22,SCI_YELLOWBANKS_W,INNER,2,STEOSMAD,90,33.98983333,-119.5630667,,,reference,2024-08-22,19.103999999999985,0.937,2024-08-22,34.0,2024-08-22,0.937
1260,2024-08-22,SCI_YELLOWBANKS_W,INNER,2,STEOSMAD,90,33.9893,-119.564933,,,,2024-08-22,19.103999999999985,0.937,2024-08-22,34.0,2024-08-22,0.937
1261,2024-08-22,SCI_YELLOWBANKS_W,OUTER,1,MACPYRAD,4,33.98983333,-119.5630667,,,reference,2024-08-22,19.103999999999985,0.937,2024-08-22,34.0,2024-08-22,0.937
1262,2024-08-22,SCI_YELLOWBANKS_W,OUTER,1,MACPYRAD,4,33.9893,-119.564933,,,,2024-08-22,19.103999999999985,0.937,2024-08-22,34.0,2024-08-22,0.937
1263,2024-08-22,SCI_YELLOWBANKS_W,OUTER,1,PTECALADSUB,2,33.98983333,-119.5630667,,,reference,2024-08-22,19.103999999999985,0.937,2024-08-22,34.0,2024-08-22,0.937
1264,2024-08-22,SCI_YELLOWBANKS_W,OUTER,1,PTECALADSUB,2,33.9893,-119.564933,,,,2024-08-22,19.103999999999985,0.937,2024-08-22,34.0,2024-08-22,0.937
1265,2024-08-22,SCI_YELLOWBANKS_W,OUTER,1,STEOSMAD,2,33.98983333,-119.5630667,,,reference,2024-08-22,19.103999999999985,0.937,2024-08-22,34.0,2024-08-22,0.937
1266,2024-08-22,SCI_YELLOWBANKS_W,OUTER,1,STEOSMAD,2,33.9893,-119.564933,,,,2024-08-22,19.103999999999985,0.937,2024-08-22,34.0,2024-08-22,0.937
1276,2024-08-23,SCI_LITTLE_SCORPION_W,INNER,1,EISARBADSUB,4,34.04415,-119.54245,Scorpion SMR,SMR,reference,2024-08-23,19.329000000000008,1.074,2024-08-23,34.0,2024-08-23,1.074
1277,2024-08-23,SCI_LITTLE_SCORPION_W,INNER,2,EISARBADSUB,8,34.04415,-119.54245,Scorpion SMR,SMR,reference,2024-08-23,19.329000000000008,1.074,2024-08-23,34.0,2024-08-23,1.074
1278,2024-08-23,SCI_LITTLE_SCORPION_W,INNER,2,MACPYRAD,5,34.04415,-119.54245,Scorpion SMR,SMR,reference,2024-08-23,19.329000000000008,1.074,2024-08-23,34.0,2024-08-23,1.074
1279,2024-08-23,SCI_LITTLE_SCORPION_W,OUTER,1,MACPYRAD,1,34.04415,-119.54245,Scorpion SMR,SMR,reference,2024-08-23,19.329000000000008,1.074,2024-08-23,34.0,2024-08-23,1.074
1280,2024-08-23,SCI_LITTLE_SCORPION_W,OUTER,1,UNDPIN,1,34.04415,-119.54245,Scorpion SMR,SMR,reference,2024-08-23,19.329000000000008,1.074,2024-08-23,34.0,2024-08-23,1.074
1281,2024-08-23,SCI_LITTLE_SCORPION_W,OUTER,2,MACPYRAD,1,34.04415,-119.54245,Scorpion SMR,SMR,reference,2024-08-23,19.329000000000008,1.074,2024-08-23,34.0,2024-08-23,1.074
1304,2024-08-26,SCI_COCHE_POINT_W,INNER,1,EISARBADSUB,9,34.04265,-119.604,Scorpion SMR,SMR,reference,2024-08-26,19.081000000000017,0.484,2024-08-26,34.0,2024-08-26,0.484
1305,2024-08-26,SCI_COCHE_POINT_W,INNER,2,EISARBAD,7,34.04265,-119.604,Scorpion SMR,SMR,reference,2024-08-26,19.081000000000017,0.484,2024-08-26,34.0,2024-08-26,0.484
1306,2024-08-26,SCI_COCHE_POINT_W,INNER,2,EISARBADSUB,18,34.04265,-119.604,Scorpion SMR,SMR,reference,2024-08-26,19.081000000000017,0.484,2024-08-26,34.0,2024-08-26,0.484
1307,2024-08-26,SCI_COCHE_POINT_W,MID,1,EISARBAD,3,34.04265,-119.604,Scorpion SMR,SMR,reference,2024-08-26,19.081000000000017,0.484,2024-08-26,34.0,2024-08-26,0.484
1308,2024-08-26,SCI_COCHE_POINT_W,MID,1,EISARBADSUB,11,34.04265,-119.604,Scorpion SMR,SMR,reference,2024-08-26,19.081000000000017,0.484,2024-08-26,34.0,2024-08-26,0.484
1309,2024-08-26,SCI_COCHE_POINT_W,MID,2,EISARBAD,1,34.04265,-119.604,Scorpion SMR,SMR,reference,2024-08-26,19.081000000000017,0.484,2024-08-26,34.0,2024-08-26,0.484
1310,2024-08-26,SCI_COCHE_POINT_W,MID,2,EISARBADSUB,10,34.04265,-119.604,Scorpion SMR,SMR,reference,2024-08-26,19.081000000000017,0.484,2024-08-26,34.0,2024-08-26,0.484
1311,2024-08-26,SCI_VALLEY_CEN,INNER,1,EISARBADSUB,1,33.983617,-119.6384,,,,2024-08-26,19.262999999999977,0.484,2024-08-26,34.0,2024-08-26,0.484
1312,2024-08-26,SCI_VALLEY_CEN,INNER,1,MACPYRAD,23,33.983617,-119.6384,,,,2024-08-26,19.262999999999977,0.484,2024-08-26,34.0,2024-08-26,0.484
1313,2024-08-26,SCI_VALLEY_CEN,INNER,1,PTECALADSUB,9,33.983617,-119.6384,,,,2024-08-26,19.262999999999977,0.484,2024-08-26,34.0,2024-08-26,0.484
1314,2024-08-26,SCI_VALLEY_CEN,INNER,1,STEOSMAD,79,33.983617,-119.6384,,,,2024-08-26,19.262999999999977,0.484,2024-08-26,34.0,2024-08-26,0.484
1315,2024-08-26,SCI_VALLEY_CEN,INNER,2,EISARBAD,1,33.983617,-119.6384,,,,2024-08-26,19.262999999999977,0.484,2024-08-26,34.0,2024-08-26,0.484
1316,2024-08-26,SCI_VALLEY_CEN,INNER,2,EISARBADSUB,9,33.983617,-119.6384,,,,2024-08-26,19.262999999999977,0.484,2024-08-26,34.0,2024-08-26,0.484
1317,2024-08-26,SCI_VALLEY_CEN,INNER,2,MACPYRAD,39,33.983617,-119.6384,,,,2024-08-26,19.262999999999977,0.484,2024-08-26,34.0,2024-08-26,0.484
1318,2024-08-26,SCI_VALLEY_CEN,INNER,2,PTECALADSUB,37,33.983617,-119.6384,,,,2024-08-26,19.262999999999977,0.484,2024-08-26,34.0,2024-08-26,0.484
1319,2024-08-26,SCI_VALLEY_CEN,INNER,2,STEOSMAD,336,33.983617,-119.6384,,,,2024-08-26,19.262999999999977,0.484,2024-08-26,34.0,2024-08-26,0.484
1320,2024-08-26,SCI_VALLEY_W,INNER,1,EISARBAD,2,33.9817,-119.6637,,,,2024-08-26,19.12200000000001,0.484,2024-08-26,34.0,2024-08-26,0.484
1321,2024-08-26,SCI_VALLEY_W,INNER,1,MACPYRAD,82,33.9817,-119.6637,,,,2024-08-26,19.12200000000001,0.484,2024-08-26,34.0,2024-08-26,0.484
1322,2024-08-26,SCI_VALLEY_W,INNER,1,STEOSMAD,398,33.9817,-119.6637,,,,2024-08-26,19.12200000000001,0.484,2024-08-26,34.0,2024-08-26,0.484
1323,2024-08-26,SCI_VALLEY_W,INNER,2,EISARBADSUB,5,33.9817,-119.6637,,,,2024-08-26,19.12200000000001,0.484,2024-08-26,34.0,2024-08-26,0.484
1324,2024-08-26,SCI_VALLEY_W,INNER,2,MACPYRAD,8,33.9817,-119.6637,,,,2024-08-26,19.12200000000001,0.484,2024-08-26,34.0,2024-08-26,0.484
1325,2024-08-26,SCI_VALLEY_W,INNER,2,STEOSMAD,5,33.9817,-119.6637,,,,2024-08-26,19.12200000000001,0.484,2024-08-26,34.0,2024-08-26,0.484
1326,2024-08-27,SCI_VALLEY_CEN,OUTER,1,MACPYRAD,19,33.983617,-119.6384,,,,2024-08-27,19.64699999999999,0.474,2024-08-27,34.0,2024-08-27,0.474
1327,2024-08-27,SCI_VALLEY_CEN,OUTER,1,PTECALAD,1,33.983617,-119.6384,,,,2024-08-27,19.64699999999999,0.474,2024-08-27,34.0,2024-08-27,0.474
1328,2024-08-27,SCI_VALLEY_CEN,OUTER,1,STEOSMAD,34,33.983617,-119.6384,,,,2024-08-27,19.64699999999999,0.474,2024-08-27,34.0,2024-08-27,0.474
1329,2024-08-27,SCI_VALLEY_CEN,OUTER,2,EISARBADSUB,1,33.983617,-119.6384,,,,2024-08-27,19.64699999999999,0.474,2024-08-27,34.0,2024-08-27,0.474
1330,2024-08-27,SCI_VALLEY_CEN,OUTER,2,MACPYRAD,25,33.983617,-119.6384,,,,2024-08-27,19.64699999999999,0.474,2024-08-27,34.0,2024-08-27,0.474
1331,2024-08-27,SCI_VALLEY_CEN,OUTER,2,PTECALADSUB,103,33.983617,-119.6384,,,,2024-08-27,19.64699999999999,0.474,2024-08-27,34.0,2024-08-27,0.474
1332,2024-08-27,SCI_VALLEY_CEN,OUTER,2,STEOSMAD,101,33.983617,-119.6384,,,,2024-08-27,19.64699999999999,0.474,2024-08-27,34.0,2024-08-27,0.474
1333,2024-08-27,SCI_VALLEY_E,INNER,1,PTECALAD,3,33.98355,-119.620317,,,,2024-08-27,19.75999999999999,0.474,2024-08-27,34.0,2024-08-27,0.474
1334,2024-08-27,SCI_VALLEY_E,INNER,1,PTECALADSUB,7,33.98355,-119.620317,,,,2024-08-27,19.75999999999999,0.474,2024-08-27,34.0,2024-08-27,0.474
1335,2024-08-27,SCI_VALLEY_E,INNER,1,STEOSMAD,2,33.98355,-119.620317,,,,2024-08-27,19.75999999999999,0.474,2024-08-27,34.0,2024-08-27,0.474
1336,2024-08-27,SCI_VALLEY_E,INNER,2,PTECALAD,4,33.98355,-119.620317,,,,2024-08-27,19.75999999999999,0.474,2024-08-27,34.0,2024-08-27,0.474
1337,2024-08-27,SCI_VALLEY_E,INNER,2,STEOSMAD,10,33.98355,-119.620317,,,,2024-08-27,19.75999999999999,0.474,2024-08-27,34.0,2024-08-27,0.474
1338,2024-08-27,SCI_VALLEY_E,OUTER,1,MACPYRAD,3,33.98355,-119.620317,,,,2024-08-27,19.75999999999999,0.474,2024-08-27,34.0,2024-08-27,0.474
1339,2024-08-27,SCI_VALLEY_E,OUTER,1,STEOSMAD,57,33.98355,-119.620317,,,,2024-08-27,19.75999999999999,0.474,2024-08-27,34.0,2024-08-27,0.474
1340,2024-08-27,SCI_VALLEY_E,OUTER,2,EISARBADSUB,1,33.98355,-119.620317,,,,2024-08-27,19.75999999999999,0.474,2024-08-27,34.0,2024-08-27,0.474
1341,2024-08-27,SCI_VALLEY_E,OUTER,2,MACPYRAD,15,33.98355,-119.620317,,,,2024-08-27,19.75999999999999,0.474,2024-08-27,34.0,2024-08-27,0.474
1342,2024-08-27,SCI_VALLEY_E,OUTER,2,PTECALADSUB,11,33.98355,-119.620317,,,,2024-08-27,19.75999999999999,0.474,2024-08-27,34.0,2024-08-27,0.474
1343,2024-08-27,SCI_VALLEY_E,OUTER,2,STEOSMAD,21,33.98355,-119.620317,,,,2024-08-27,19.75999999999999,0.474,2024-08-27,34.0,2024-08-27,0.474
1422,2024-09-03,SCI_SAN_PEDRO_POINT_E,INNER,1,EISARBAD,1,34.038367,-119.5253,Scorpion SMR,SMR,reference,2024-09-03,20.137999999999977,0.845,2024-09-03,34.0,2024-09-03,0.845
1423,2024-09-03,SCI_SCORPION_E,INNER,1,EISARBAD,26,34.048467,-119.546367,Scorpion SMR,SMR,reference,2024-09-03,19.99000000000001,0.845,2024-09-03,34.0,2024-09-03,0.845
1424,2024-09-03,SCI_SCORPION_E,INNER,1,LAMFAR,3,34.048467,-119.546367,Scorpion SMR,SMR,reference,2024-09-03,19.99000000000001,0.845,2024-09-03,34.0,2024-09-03,0.845
1425,2024-09-03,SCI_SCORPION_E,INNER,1,MACPYRAD,28,34.048467,-119.546367,Scorpion SMR,SMR,reference,2024-09-03,19.99000000000001,0.845,2024-09-03,34.0,2024-09-03,0.845
1426,2024-09-03,SCI_SCORPION_E,INNER,1,STEOSMAD,2,34.048467,-119.546367,Scorpion SMR,SMR,reference,2024-09-03,19.99000000000001,0.845,2024-09-03,34.0,2024-09-03,0.845
1427,2024-09-03,SCI_SCORPION_E,INNER,2,EISARBAD,3,34.048467,-119.546367,Scorpion SMR,SMR,reference,2024-09-03,19.99000000000001,0.845,2024-09-03,34.0,2024-09-03,0.845
1428,2024-09-03,SCI_SCORPION_E,INNER,2,EISARBADSUB,23,34.048467,-119.546367,Scorpion SMR,SMR,reference,2024-09-03,19.99000000000001,0.845,2024-09-03,34.0,2024-09-03,0.845
1429,2024-09-03,SCI_SCORPION_E,INNER,2,LAMFAR,10,34.048467,-119.546367,Scorpion SMR,SMR,reference,2024-09-03,19.99000000000001,0.845,2024-09-03,34.0,2024-09-03,0.845
1430,2024-09-03,SCI_SCORPION_E,INNER,2,MACPYRAD,10,34.048467,-119.546367,Scorpion SMR,SMR,reference,2024-09-03,19.99000000000001,0.845,2024-09-03,34.0,2024-09-03,0.845
1431,2024-09-03,SCI_SCORPION_E,MID,2,EISARBADSUB,3,34.048467,-119.546367,Scorpion SMR,SMR,reference,2024-09-03,19.99000000000001,0.845,2024-09-03,34.0,2024-09-03,0.845
1432,2024-09-03,SCI_SCORPION_E,MID,2,MACPYRAD,1,34.048467,-119.546367,Scorpion SMR,SMR,reference,2024-09-03,19.99000000000001,0.845,2024-09-03,34.0,2024-09-03,0.845
1433,2024-09-03,SCI_YELLOWBANKS_CEN,MID,1,MACPYRAD,13,33.988533,-119.546983,,,,2024-09-03,20.297000000000025,0.845,2024-09-03,34.0,2024-09-03,0.845
1434,2024-09-03,SCI_YELLOWBANKS_CEN,MID,1,PTECALAD,11,33.988533,-119.546983,,,,2024-09-03,20.297000000000025,0.845,2024-09-03,34.0,2024-09-03,0.845
1435,2024-09-03,SCI_YELLOWBANKS_CEN,MID,1,PTECALADSUB,199,33.988533,-119.546983,,,,2024-09-03,20.297000000000025,0.845,2024-09-03,34.0,2024-09-03,0.845
1436,2024-09-03,SCI_YELLOWBANKS_CEN,MID,1,STEOSMAD,40,33.988533,-119.546983,,,,2024-09-03,20.297000000000025,0.845,2024-09-03,34.0,2024-09-03,0.845
1437,2024-09-03,SCI_YELLOWBANKS_CEN,MID,2,MACPYRAD,37,33.988533,-119.546983,,,,2024-09-03,20.297000000000025,0.845,2024-09-03,34.0,2024-09-03,0.845
1438,2024-09-03,SCI_YELLOWBANKS_CEN,MID,2,PTECALAD,33,33.988533,-119.546983,,,,2024-09-03,20.297000000000025,0.845,2024-09-03,34.0,2024-09-03,0.845
1439,2024-09-03,SCI_YELLOWBANKS_CEN,MID,2,PTECALADSUB,278,33.988533,-119.546983,,,,2024-09-03,20.297000000000025,0.845,2024-09-03,34.0,2024-09-03,0.845
1440,2024-09-03,SCI_YELLOWBANKS_CEN,MID,2,STEOSMAD,32,33.988533,-119.546983,,,,2024-09-03,20.297000000000025,0.845,2024-09-03,34.0,2024-09-03,0.845
1768,2024-10-21,SCI_SAN_PEDRO_POINT_W,INNER,1,EISARBADSUB,33,34.04225,-119.5316,Scorpion SMR,SMR,reference,2024-10-21,17.80000000000001,0.04,2024-10-21,34.0,2024-10-21,0.04
1769,2024-10-21,SCI_SAN_PEDRO_POINT_W,INNER,1,MACPYRAD,79,34.04225,-119.5316,Scorpion SMR,SMR,reference,2024-10-21,17.80000000000001,0.04,2024-10-21,34.0,2024-10-21,0.04
1770,2024-10-21,SCI_SAN_PEDRO_POINT_W,INNER,2,EISARBADSUB,2,34.04225,-119.5316,Scorpion SMR,SMR,reference,2024-10-21,17.80000000000001,0.04,2024-10-21,34.0,2024-10-21,0.04
1771,2024-10-21,SCI_SAN_PEDRO_POINT_W,INNER,2,MACPYRAD,20,34.04225,-119.5316,Scorpion SMR,SMR,reference,2024-10-21,17.80000000000001,0.04,2024-10-21,34.0,2024-10-21,0.04
1772,2024-10-21,SCI_SAN_PEDRO_POINT_W,MID,1,EISARBADSUB,37,34.04225,-119.5316,Scorpion SMR,SMR,reference,2024-10-21,17.80000000000001,0.04,2024-10-21,34.0,2024-10-21,0.04
1773,2024-10-21,SCI_SAN_PEDRO_POINT_W,MID,1,MACPYRAD,62,34.04225,-119.5316,Scorpion SMR,SMR,reference,2024-10-21,17.80000000000001,0.04,2024-10-21,34.0,2024-10-21,0.04
1774,2024-10-21,SCI_SAN_PEDRO_POINT_W,MID,1,STEOSMAD,2,34.04225,-119.5316,Scorpion SMR,SMR,reference,2024-10-21,17.80000000000001,0.04,2024-10-21,34.0,2024-10-21,0.04
1775,2024-10-21,SCI_SAN_PEDRO_POINT_W,MID,2,EISARBAD,1,34.04225,-119.5316,Scorpion SMR,SMR,reference,2024-10-21,17.80000000000001,0.04,2024-10-21,34.0,2024-10-21,0.04
1776,2024-10-21,SCI_SAN_PEDRO_POINT_W,MID,2,EISARBADSUB,8,34.04225,-119.5316,Scorpion SMR,SMR,reference,2024-10-21,17.80000000000001,0.04,2024-10-21,34.0,2024-10-21,0.04
1777,2024-10-21,SCI_SAN_PEDRO_POINT_W,MID,2,LAMFAR,5,34.04225,-119.5316,Scorpion SMR,SMR,reference,2024-10-21,17.80000000000001,0.04,2024-10-21,34.0,2024-10-21,0.04
1778,2024-10-21,SCI_SAN_PEDRO_POINT_W,MID,2,MACPYRAD,40,34.04225,-119.5316,Scorpion SMR,SMR,reference,2024-10-21,17.80000000000001,0.04,2024-10-21,34.0,2024-10-21,0.04
1779,2024-10-21,SCI_SAN_PEDRO_POINT_W,OUTER,1,EISARBADSUB,2,34.04225,-119.5316,Scorpion SMR,SMR,reference,2024-10-21,17.80000000000001,0.04,2024-10-21,34.0,2024-10-21,0.04
1780,2024-10-21,SCI_SAN_PEDRO_POINT_W,OUTER,2,EISARBADSUB,12,34.04225,-119.5316,Scorpion SMR,SMR,reference,2024-10-21,17.80000000000001,0.04,2024-10-21,34.0,2024-10-21,0.04
1781,2024-10-21,SCI_SAN_PEDRO_POINT_W,OUTER,2,MACPYRAD,42,34.04225,-119.5316,Scorpion SMR,SMR,reference,2024-10-21,17.80000000000001,0.04,2024-10-21,34.0,2024-10-21,0.04
1860,2024-11-01,SCI_SCORPION_ANCHORAGE,INNER,1,LAMFAR,14,34.04798333,-119.5514,Scorpion SMR,SMR,mpa,2024-11-01,16.108000000000004,0.803,2024-11-01,34.0,2024-11-01,0.803
1861,2024-11-01,SCI_SCORPION_ANCHORAGE,INNER,1,LAMFAR,14,34.047983,-119.5514,Scorpion SMR,SMR,mpa,2024-11-01,16.108000000000004,0.803,2024-11-01,34.0,2024-11-01,0.803
1862,2024-11-01,SCI_SCORPION_ANCHORAGE,INNER,1,MACPYRAD,42,34.04798333,-119.5514,Scorpion SMR,SMR,mpa,2024-11-01,16.108000000000004,0.803,2024-11-01,34.0,2024-11-01,0.803
1863,2024-11-01,SCI_SCORPION_ANCHORAGE,INNER,1,MACPYRAD,42,34.047983,-119.5514,Scorpion SMR,SMR,mpa,2024-11-01,16.108000000000004,0.803,2024-11-01,34.0,2024-11-01,0.803
1864,2024-11-01,SCI_SCORPION_ANCHORAGE,INNER,1,STEOSMAD,12,34.04798333,-119.5514,Scorpion SMR,SMR,mpa,2024-11-01,16.108000000000004,0.803,2024-11-01,34.0,2024-11-01,0.803
1865,2024-11-01,SCI_SCORPION_ANCHORAGE,INNER,1,STEOSMAD,12,34.047983,-119.5514,Scorpion SMR,SMR,mpa,2024-11-01,16.108000000000004,0.803,2024-11-01,34.0,2024-11-01,0.803
1866,2024-11-01,SCI_SCORPION_ANCHORAGE,INNER,2,EISARBADSUB,6,34.04798333,-119.5514,Scorpion SMR,SMR,mpa,2024-11-01,16.108000000000004,0.803,2024-11-01,34.0,2024-11-01,0.803
1867,2024-11-01,SCI_SCORPION_ANCHORAGE,INNER,2,EISARBADSUB,6,34.047983,-119.5514,Scorpion SMR,SMR,mpa,2024-11-01,16.108000000000004,0.803,2024-11-01,34.0,2024-11-01,0.803
1868,2024-11-01,SCI_SCORPION_ANCHORAGE,INNER,2,LAMFAR,18,34.04798333,-119.5514,Scorpion SMR,SMR,mpa,2024-11-01,16.108000000000004,0.803,2024-11-01,34.0,2024-11-01,0.803
1869,2024-11-01,SCI_SCORPION_ANCHORAGE,INNER,2,LAMFAR,18,34.047983,-119.5514,Scorpion SMR,SMR,mpa,2024-11-01,16.108000000000004,0.803,2024-11-01,34.0,2024-11-01,0.803
1870,2024-11-01,SCI_SCORPION_ANCHORAGE,INNER,2,MACPYRAD,52,34.04798333,-119.5514,Scorpion SMR,SMR,mpa,2024-11-01,16.108000000000004,0.803,2024-11-01,34.0,2024-11-01,0.803
1871,2024-11-01,SCI_SCORPION_ANCHORAGE,INNER,2,MACPYRAD,52,34.047983,-119.5514,Scorpion SMR,SMR,mpa,2024-11-01,16.108000000000004,0.803,2024-11-01,34.0,2024-11-01,0.803
1872,2024-11-01,SCI_SCORPION_ANCHORAGE,INNER,2,STEOSMAD,22,34.04798333,-119.5514,Scorpion SMR,SMR,mpa,2024-11-01,16.108000000000004,0.803,2024-11-01,34.0,2024-11-01,0.803
1873,2024-11-01,SCI_SCORPION_ANCHORAGE,INNER,2,STEOSMAD,22,34.047983,-119.5514,Scorpion SMR,SMR,mpa,2024-11-01,16.108000000000004,0.803,2024-11-01,34.0,2024-11-01,0.803
1874,2024-11-01,SCI_SCORPION_ANCHORAGE,MID,1,LAMFAR,44,34.04798333,-119.5514,Scorpion SMR,SMR,mpa,2024-11-01,16.108000000000004,0.803,2024-11-01,34.0,2024-11-01,0.803
1875,2024-11-01,SCI_SCORPION_ANCHORAGE,MID,1,LAMFAR,44,34.047983,-119.5514,Scorpion SMR,SMR,mpa,2024-11-01,16.108000000000004,0.803,2024-11-01,34.0,2024-11-01,0.803
1876,2024-11-01,SCI_SCORPION_ANCHORAGE,MID,1,MACPYRAD,104,34.04798333,-119.5514,Scorpion SMR,SMR,mpa,2024-11-01,16.108000000000004,0.803,2024-11-01,34.0,2024-11-01,0.803
1877,2024-11-01,SCI_SCORPION_ANCHORAGE,MID,1,MACPYRAD,104,34.047983,-119.5514,Scorpion SMR,SMR,mpa,2024-11-01,16.108000000000004,0.803,2024-11-01,34.0,2024-11-01,0.803
1878,2024-11-01,SCI_SCORPION_ANCHORAGE,MID,1,STEOSMAD,12,34.04798333,-119.5514,Scorpion SMR,SMR,mpa,2024-11-01,16.108000000000004,0.803,2024-11-01,34.0,2024-11-01,0.803
1879,2024-11-01,SCI_SCORPION_ANCHORAGE,MID,1,STEOSMAD,12,34.047983,-119.5514,Scorpion SMR,SMR,mpa,2024-11-01,16.108000000000004,0.803,2024-11-01,34.0,2024-11-01,0.803
1880,2024-11-01,SCI_SCORPION_ANCHORAGE,MID,2,EISARBADSUB,2,34.04798333,-119.5514,Scorpion SMR,SMR,mpa,2024-11-01,16.108000000000004,0.803,2024-11-01,34.0,2024-11-01,0.803
1881,2024-11-01,SCI_SCORPION_ANCHORAGE,MID,2,EISARBADSUB,2,34.047983,-119.5514,Scorpion SMR,SMR,mpa,2024-11-01,16.108000000000004,0.803,2024-11-01,34.0,2024-11-01,0.803
1882,2024-11-01,SCI_SCORPION_ANCHORAGE,MID,2,LAMFAR,38,34.04798333,-119.5514,Scorpion SMR,SMR,mpa,2024-11-01,16.108000000000004,0.803,2024-11-01,34.0,2024-11-01,0.803
1883,2024-11-01,SCI_SCORPION_ANCHORAGE,MID,2,LAMFAR,38,34.047983,-119.5514,Scorpion SMR,SMR,mpa,2024-11-01,16.108000000000004,0.803,2024-11-01,34.0,2024-11-01,0.803
1884,2024-11-01,SCI_SCORPION_ANCHORAGE,MID,2,MACPYRAD,146,34.04798333,-119.5514,Scorpion SMR,SMR,mpa,2024-11-01,16.108000000000004,0.803,2024-11-01,34.0,2024-11-01,0.803
1885,2024-11-01,SCI_SCORPION_ANCHORAGE,MID,2,MACPYRAD,146,34.047983,-119.5514,Scorpion SMR,SMR,mpa,2024-11-01,16.108000000000004,0.803,2024-11-01,34.0,2024-11-01,0.803
1886,2024-11-01,SCI_SCORPION_ANCHORAGE,MID,2,STEOSMAD,12,34.04798333,-119.5514,Scorpion SMR,SMR,mpa,2024-11-01,16.108000000000004,0.803,2024-11-01,34.0,2024-11-01,0.803
1887,2024-11-01,SCI_SCORPION_ANCHORAGE,MID,2,STEOSMAD,12,34.047983,-119.5514,Scorpion SMR,SMR,mpa,2024-11-01,16.108000000000004,0.803,2024-11-01,34.0,2024-11-01,0.803
1888,2024-11-01,SCI_SCORPION_ANCHORAGE,OUTER,1,EISARBADSUB,14,34.04798333,-119.5514,Scorpion SMR,SMR,mpa,2024-11-01,16.108000000000004,0.803,2024-11-01,34.0,2024-11-01,0.803
1889,2024-11-01,SCI_SCORPION_ANCHORAGE,OUTER,1,EISARBADSUB,14,34.047983,-119.5514,Scorpion SMR,SMR,mpa,2024-11-01,16.108000000000004,0.803,2024-11-01,34.0,2024-11-01,0.803
1890,2024-11-01,SCI_SCORPION_ANCHORAGE,OUTER,1,LAMFAR,88,34.04798333,-119.5514,Scorpion SMR,SMR,mpa,2024-11-01,16.108000000000004,0.803,2024-11-01,34.0,2024-11-01,0.803
1891,2024-11-01,SCI_SCORPION_ANCHORAGE,OUTER,1,LAMFAR,88,34.047983,-119.5514,Scorpion SMR,SMR,mpa,2024-11-01,16.108000000000004,0.803,2024-11-01,34.0,2024-11-01,0.803
1892,2024-11-01,SCI_SCORPION_ANCHORAGE,OUTER,1,MACPYRAD,134,34.04798333,-119.5514,Scorpion SMR,SMR,mpa,2024-11-01,16.108000000000004,0.803,2024-11-01,34.0,2024-11-01,0.803
1893,2024-11-01,SCI_SCORPION_ANCHORAGE,OUTER,1,MACPYRAD,134,34.047983,-119.5514,Scorpion SMR,SMR,mpa,2024-11-01,16.108000000000004,0.803,2024-11-01,34.0,2024-11-01,0.803
1894,2024-11-01,SCI_SCORPION_ANCHORAGE,OUTER,1,STEOSMAD,16,34.04798333,-119.5514,Scorpion SMR,SMR,mpa,2024-11-01,16.108000000000004,0.803,2024-11-01,34.0,2024-11-01,0.803
1895,2024-11-01,SCI_SCORPION_ANCHORAGE,OUTER,1,STEOSMAD,16,34.047983,-119.5514,Scorpion SMR,SMR,mpa,2024-11-01,16.108000000000004,0.803,2024-11-01,34.0,2024-11-01,0.803
1896,2024-11-01,SCI_SCORPION_ANCHORAGE,OUTER,2,LAMFAR,44,34.04798333,-119.5514,Scorpion SMR,SMR,mpa,2024-11-01,16.108000000000004,0.803,2024-11-01,34.0,2024-11-01,0.803
1897,2024-11-01,SCI_SCORPION_ANCHORAGE,OUTER,2,LAMFAR,44,34.047983,-119.5514,Scorpion SMR,SMR,mpa,2024-11-01,16.108000000000004,0.803,2024-11-01,34.0,2024-11-01,0.803
1898,2024-11-01,SCI_SCORPION_ANCHORAGE,OUTER,2,MACPYRAD,82,34.04798333,-119.5514,Scorpion SMR,SMR,mpa,2024-11-01,16.108000000000004,0.803,2024-11-01,34.0,2024-11-01,0.803
1899,2024-11-01,SCI_SCORPION_ANCHORAGE,OUTER,2,MACPYRAD,82,34.047983,-119.5514,Scorpion SMR,SMR,mpa,2024-11-01,16.108000000000004,0.803,2024-11-01,34.0,2024-11-01,0.803
1900,2024-11-01,SCI_SCORPION_ANCHORAGE,OUTER,2,STEOSMAD,4,34.04798333,-119.5514,Scorpion SMR,SMR,mpa,2024-11-01,16.108000000000004,0.803,2024-11-01,34.0,2024-11-01,0.803
1901,2024-11-01,SCI_SCORPION_ANCHORAGE,OUTER,2,STEOSMAD,4,34.047983,-119.5514,Scorpion SMR,SMR,mpa,2024-11-01,16.108000000000004,0.803,2024-11-01,34.0,2024-11-01,0.803
